-- phpMyAdmin SQL Dump
-- version 4.7.7
-- https://www.phpmyadmin.net/
--
-- Servidor: 127.0.0.1
-- Tiempo de generación: 07-02-2019 a las 05:19:33
-- Versión del servidor: 10.1.30-MariaDB
-- Versión de PHP: 7.1.14

SET SQL_MODE = "NO_AUTO_VALUE_ON_ZERO";
SET AUTOCOMMIT = 0;
START TRANSACTION;
SET time_zone = "+00:00";


/*!40101 SET @OLD_CHARACTER_SET_CLIENT=@@CHARACTER_SET_CLIENT */;
/*!40101 SET @OLD_CHARACTER_SET_RESULTS=@@CHARACTER_SET_RESULTS */;
/*!40101 SET @OLD_COLLATION_CONNECTION=@@COLLATION_CONNECTION */;
/*!40101 SET NAMES utf8mb4 */;

--
-- Base de datos: `agv`
--

-- --------------------------------------------------------

--
-- Estructura de tabla para la tabla `aerolineas`
--

CREATE TABLE `aerolineas` (
  `idaerolinea` int(11) NOT NULL,
  `nombreli` varchar(100) DEFAULT NULL,
  `updated_at` varchar(45) DEFAULT NULL,
  `created_at` varchar(45) DEFAULT NULL
) ENGINE=InnoDB DEFAULT CHARSET=big5;

--
-- Volcado de datos para la tabla `aerolineas`
--

INSERT INTO `aerolineas` (`idaerolinea`, `nombreli`, `updated_at`, `created_at`) VALUES
(1, 'Safi', '', ''),
(2, 'Air India', '', ''),
(3, 'ArianaKam Air', '', ''),
(4, 'Spicejet', '', ''),
(5, 'Kam Air', '', ''),
(6, 'Iran Aseman Airlines', '', ''),
(7, 'Mahan', '', ''),
(8, 'Airlines', '', ''),
(9, 'Ariana', '', ''),
(10, 'Pakistan International Airlines', '', ''),
(11, 'Turkish Airlines', '', ''),
(12, 'Flydubai', '', ''),
(13, 'Emirates', '', ''),
(14, 'Etihad Airways', '', ''),
(15, 'Air Arabia', '', ''),
(16, 'Air Europa', '', ''),
(17, 'Air France', '', ''),
(18, 'Aitalia', '', ''),
(19, 'Aeroflot', '', ''),
(20, 'Garuda Indonesia', '', ''),
(21, 'Bmi', '', ''),
(22, 'Meridiana', '', ''),
(23, 'Austrian Airlines', '', ''),
(24, 'Syrian Arab Airlines', '', ''),
(25, 'Caspian Airlines', '', ''),
(26, 'Azerbajan Airlines', '', ''),
(27, 'China Eastern Airlines', '', ''),
(28, 'Malaysia Airlines', '', ''),
(29, 'Qastar Airways', '', ''),
(30, 'Best Air', '', ''),
(31, 'Rak Airways', '', ''),
(32, 'Royal Bengal Airline', '', ''),
(33, 'United Airways Blanglades', '', ''),
(34, 'Biman Banglades Airline', '', ''),
(35, 'GMG Ailines', '', ''),
(36, 'Hola Airlines', '', ''),
(37, 'Kuwait Airways', '', ''),
(38, 'EgyptAir', '', ''),
(39, 'Cyprus Airways', '', ''),
(40, 'Air China', '', ''),
(41, 'Bangkok Airways', '', ''),
(42, 'Druk Air', '', ''),
(43, 'Tashi Ai', '', ''),
(44, 'China Airlines', '', ''),
(45, 'Dragonair', '', ''),
(46, 'Jetstar Asia Airways', '', ''),
(47, 'Korean Air', '', ''),
(48, 'Air Asia', '', ''),
(49, 'Lao Airlines', '', ''),
(50, 'Silk Air', '', ''),
(51, 'Apsara International Air', '', ''),
(52, 'Cambodia Angkor Air', '', ''),
(53, 'Hainan Airlines', '', ''),
(54, 'Air Koryo', '', ''),
(55, 'Shanghai Airlines', '', ''),
(56, 'Shangai Airlines, Air Macau.', '', ''),
(57, 'Aeromexico', '', ''),
(58, 'Asia Airlines', '', ''),
(59, 'Korean Air', '', ''),
(60, 'Lufthansa', '', ''),
(61, 'Korean Air', '', ''),
(62, 'Asiana Airlines', '', ''),
(63, 'Korea Air', '', ''),
(64, 'Finnair', '', ''),
(65, 'Jet airways', '', ''),
(66, 'Wow Air', '', ''),
(67, 'Ethipian Airlines', '', ''),
(68, 'Susi Air', '', ''),
(69, 'Wings Air', '', ''),
(70, 'Egyptair', '', ''),
(71, 'Xiamen Airlines', '', ''),
(72, 'Jetstar Airways', '', ''),
(73, 'Cham Wings Airlines', '', ''),
(74, 'Egyptair', '', ''),
(75, 'Flying Carpet', '', ''),
(76, 'Jupiter Airlines', '', ''),
(77, 'Gryphon Airlines', '', ''),
(78, 'Azmar Airlines', '', ''),
(79, 'Eastok Avia', '', ''),
(80, 'Germania', '', ''),
(81, 'Mesopotaia Air', '', ''),
(82, 'El Al', '', ''),
(83, 'LATAM Chile', '', ''),
(84, 'Scandinavian Airlines', '', ''),
(85, 'Georgia Airways', '', ''),
(86, 'El Al', '', ''),
(87, 'All Nippon Airways', '', ''),
(88, 'MIAT Mongolian Airlines', '', ''),
(89, 'Philippine Airlines', '', ''),
(90, 'Aircalin', '', ''),
(91, 'Air Canada', '', ''),
(92, 'Delta Airlines', '', ''),
(93, 'Aeromexico', '', ''),
(94, 'Iberia', '', ''),
(95, 'Saudi Arabian Airlines', '', ''),
(96, 'Malindo Air', '', ''),
(97, 'AirAsia', '', ''),
(98, 'AirAsia X', '', ''),
(99, 'Oman Air', '', ''),
(100, 'LATAM', '', ''),
(101, 'Singapore Airlines', '', ''),
(102, 'FlyDamas', '', ''),
(103, 'Eurowings', '', ''),
(104, 'Thai Airways', '', ''),
(105, 'Maldivian Airlines', '', ''),
(106, 'Vietnam Airlines', '', ''),
(107, 'Air Canada Express', '', ''),
(108, 'Air Canada Rouge', '', ''),
(109, 'Delta Connection', '', ''),
(110, 'Air Tranat', '', ''),
(111, 'Sunwing Airlines', '', ''),
(112, 'Air Transat', '', ''),
(113, 'Air Canada', '', ''),
(114, 'Copa Airlines', '', ''),
(115, 'American Eagle', '', ''),
(116, 'American Airlines', '', ''),
(117, 'Alaska Airlines', '', ''),
(118, 'Delta Airlones', '', ''),
(119, 'United Airlines', '', ''),
(120, 'Aeromexico', '', ''),
(121, 'Aeromexico Connect', '', ''),
(122, 'Interjet', '', ''),
(123, 'Transportes Aeros Guatemaltecos', '', ''),
(124, 'Avianca', '', ''),
(125, 'Avianca Guatemala', '', ''),
(126, 'EasySky', '', ''),
(127, 'Avianca Honduras', '', ''),
(128, 'Avianca Nicaragua', '', ''),
(129, 'EasySky', '', ''),
(130, 'Avianca El Salvador', '', ''),
(131, 'Aerolineas Argentinas', '', ''),
(132, 'Amaszonas', '', ''),
(133, 'Safi', '', ''),
(134, 'Air India', '', ''),
(135, 'ArianaKam Air', '', ''),
(136, 'Spicejet', '', ''),
(137, 'Kam Air', '', ''),
(138, 'Iran Aseman Airlines', '', ''),
(139, 'Mahan', '', ''),
(140, 'Airlines', '', ''),
(141, 'Ariana', '', ''),
(142, 'Pakistan International Airlines', '', ''),
(143, 'Turkish Airlines', '', ''),
(144, 'Flydubai', '', ''),
(145, 'Emirates', '', ''),
(146, 'Etihad Airways', '', ''),
(147, 'Air Arabia', '', ''),
(148, 'Air Europa', '', ''),
(149, 'Air France', '', ''),
(150, 'Aitalia', '', ''),
(151, 'Aeroflot', '', ''),
(152, 'Garuda Indonesia', '', ''),
(153, 'Bmi', '', ''),
(154, 'Meridiana', '', ''),
(155, 'Austrian Airlines', '', ''),
(156, 'Syrian Arab Airlines', '', ''),
(157, 'Caspian Airlines', '', ''),
(158, 'Azerbajan Airlines', '', ''),
(159, 'China Eastern Airlines', '', ''),
(160, 'Malaysia Airlines', '', ''),
(161, 'Qastar Airways', '', ''),
(162, 'Best Air', '', ''),
(163, 'Rak Airways', '', ''),
(164, 'Royal Bengal Airline', '', ''),
(165, 'United Airways Blanglades', '', ''),
(166, 'Biman Banglades Airline', '', ''),
(167, 'GMG Ailines', '', ''),
(168, 'Hola Airlines', '', ''),
(169, 'Kuwait Airways', '', ''),
(170, 'EgyptAir', '', ''),
(171, 'Cyprus Airways', '', ''),
(172, 'Air China', '', ''),
(173, 'Bangkok Airways', '', ''),
(174, 'Druk Air', '', ''),
(175, 'Tashi Ai', '', ''),
(176, 'China Airlines', '', ''),
(177, 'Dragonair', '', ''),
(178, 'Jetstar Asia Airways', '', ''),
(179, 'Korean Air', '', ''),
(180, 'Air Asia', '', ''),
(181, 'Lao Airlines', '', ''),
(182, 'Silk Air', '', ''),
(183, 'Apsara International Air', '', ''),
(184, 'Cambodia Angkor Air', '', ''),
(185, 'Hainan Airlines', '', ''),
(186, 'Air Koryo', '', ''),
(187, 'Shanghai Airlines', '', ''),
(188, 'Shangai Airlines, Air Macau.', '', ''),
(189, 'Aeromexico', '', ''),
(190, 'Asia Airlines', '', ''),
(191, 'Korean Air', '', ''),
(192, 'Lufthansa', '', ''),
(193, 'Korean Air', '', ''),
(194, 'Asiana Airlines', '', ''),
(195, 'Korea Air', '', ''),
(196, 'Finnair', '', ''),
(197, 'Jet airways', '', ''),
(198, 'Wow Air', '', ''),
(199, 'Ethipian Airlines', '', ''),
(200, 'Susi Air', '', ''),
(201, 'Wings Air', '', ''),
(202, 'Egyptair', '', ''),
(203, 'Xiamen Airlines', '', ''),
(204, 'Jetstar Airways', '', ''),
(205, 'Cham Wings Airlines', '', ''),
(206, 'Egyptair', '', ''),
(207, 'Flying Carpet', '', ''),
(208, 'Jupiter Airlines', '', ''),
(209, 'Gryphon Airlines', '', ''),
(210, 'Azmar Airlines', '', ''),
(211, 'Eastok Avia', '', ''),
(212, 'Germania', '', ''),
(213, 'Mesopotaia Air', '', ''),
(214, 'El Al', '', ''),
(215, 'LATAM Chile', '', ''),
(216, 'Scandinavian Airlines', '', ''),
(217, 'Georgia Airways', '', ''),
(218, 'El Al', '', ''),
(219, 'All Nippon Airways', '', ''),
(220, 'MIAT Mongolian Airlines', '', ''),
(221, 'Philippine Airlines', '', ''),
(222, 'Aircalin', '', ''),
(223, 'Air Canada', '', ''),
(224, 'Delta Airlines', '', ''),
(225, 'Aeromexico', '', ''),
(226, 'Iberia', '', ''),
(227, 'Saudi Arabian Airlines', '', ''),
(228, 'Malindo Air', '', ''),
(229, 'AirAsia', '', ''),
(230, 'AirAsia X', '', ''),
(231, 'Oman Air', '', ''),
(232, 'LATAM', '', ''),
(233, 'Singapore Airlines', '', ''),
(234, 'FlyDamas', '', ''),
(235, 'Eurowings', '', ''),
(236, 'Thai Airways', '', ''),
(237, 'Maldivian Airlines', '', ''),
(238, 'Vietnam Airlines', '', ''),
(239, 'Air Canada Express', '', ''),
(240, 'Air Canada Rouge', '', ''),
(241, 'Delta Connection', '', ''),
(242, 'Air Tranat', '', ''),
(243, 'Sunwing Airlines', '', ''),
(244, 'Air Transat', '', ''),
(245, 'Air Canada', '', ''),
(246, 'Copa Airlines', '', ''),
(247, 'American Eagle', '', ''),
(248, 'American Airlines', '', ''),
(249, 'Alaska Airlines', '', ''),
(250, 'Delta Airlones', '', ''),
(251, 'United Airlines', '', ''),
(252, 'Aeromexico', '', ''),
(253, 'Aeromexico Connect', '', ''),
(254, 'Interjet', '', ''),
(255, 'Transportes Aeros Guatemaltecos', '', ''),
(256, 'Avianca', '', ''),
(257, 'Avianca Guatemala', '', ''),
(258, 'EasySky', '', ''),
(259, 'Avianca Honduras', '', ''),
(260, 'Avianca Nicaragua', '', ''),
(261, 'EasySky', '', ''),
(262, 'Avianca El Salvador', '', ''),
(263, 'Aerolineas Argentinas', '', ''),
(264, 'Amaszonas', '', '');

-- --------------------------------------------------------

--
-- Estructura de tabla para la tabla `aerolipu`
--

CREATE TABLE `aerolipu` (
  `id_aerolipu` int(11) NOT NULL,
  `aerpuerto_id` int(11) NOT NULL,
  `aerolinea_id` int(11) NOT NULL,
  `aerpuertos_idaerpuerto` int(11) NOT NULL,
  `updated_at` varchar(45) DEFAULT NULL,
  `created_at` varchar(45) DEFAULT NULL
) ENGINE=InnoDB DEFAULT CHARSET=utf8;

--
-- Volcado de datos para la tabla `aerolipu`
--

INSERT INTO `aerolipu` (`id_aerolipu`, `aerpuerto_id`, `aerolinea_id`, `aerpuertos_idaerpuerto`, `updated_at`, `created_at`) VALUES
(1, 120, 107, 124, '2018-08-24 17:02:04', '2018-08-24 17:02:04'),
(2, 120, 107, 125, '2018-08-24 17:03:45', '2018-08-24 17:03:45'),
(3, 120, 107, 128, '2018-08-24 17:05:38', '2018-08-24 17:05:38'),
(4, 120, 107, 129, '2018-08-24 17:06:42', '2018-08-24 17:06:42'),
(5, 120, 107, 123, '2018-08-24 17:07:30', '2018-08-24 17:07:30'),
(6, 120, 107, 133, '2018-08-24 17:23:04', '2018-08-24 17:23:04'),
(7, 120, 112, 144, '2018-08-24 17:27:08', '2018-08-24 17:27:08'),
(8, 120, 112, 142, '2018-08-24 17:28:58', '2018-08-24 17:28:58'),
(9, 120, 114, 143, '2018-08-24 17:29:45', '2018-08-24 17:29:45'),
(10, 120, 108, 112, '2018-08-24 17:36:32', '2018-08-24 17:36:32'),
(11, 120, 91, 60, '2018-08-24 17:37:51', '2018-08-24 17:37:51'),
(12, 120, 91, 109, '2018-08-24 17:38:58', '2018-08-24 17:38:58'),
(13, 120, 108, 113, '2018-08-24 17:39:36', '2018-08-24 17:39:36'),
(14, 120, 112, 51, '2018-08-24 17:40:13', '2018-08-24 17:40:13'),
(15, 120, 112, 181, '2018-08-24 17:40:57', '2018-08-24 17:40:57'),
(16, 120, 108, 84, '2018-08-24 17:41:31', '2018-08-24 17:41:31'),
(17, 120, 91, 184, '2018-08-24 17:42:21', '2018-08-24 17:42:21'),
(18, 120, 108, 187, '2018-08-24 17:42:56', '2018-08-24 17:42:56'),
(19, 121, 107, 124, '2018-08-24 17:44:24', '2018-08-24 17:44:24'),
(20, 121, 107, 125, '2018-08-24 17:45:32', '2018-08-24 17:45:32'),
(21, 121, 108, 128, '2018-08-24 17:47:02', '2018-08-24 17:47:02'),
(22, 121, 107, 129, '2018-08-24 17:47:46', '2018-08-24 17:47:46'),
(23, 121, 107, 123, '2018-08-24 17:48:08', '2018-08-24 17:48:08'),
(24, 121, 108, 133, '2018-08-24 19:19:30', '2018-08-24 19:19:30'),
(25, 121, 112, 144, '2018-08-24 19:27:16', '2018-08-24 19:27:16'),
(26, 121, 112, 142, '2018-08-24 19:30:33', '2018-08-24 19:30:33'),
(27, 121, 114, 143, '2018-08-24 19:31:07', '2018-08-24 19:31:07'),
(28, 121, 91, 60, '2018-08-24 19:32:43', '2018-08-24 19:32:43'),
(29, 121, 91, 109, '2018-08-24 19:33:34', '2018-08-24 19:33:34'),
(30, 121, 108, 113, '2018-08-24 19:35:31', '2018-08-24 19:35:31'),
(31, 121, 112, 51, '2018-08-24 19:36:05', '2018-08-24 19:36:05'),
(32, 121, 112, 52, '2018-08-24 19:36:58', '2018-08-24 19:36:58'),
(33, 121, 112, 181, '2018-08-24 19:37:41', '2018-08-24 19:37:41'),
(34, 121, 108, 84, '2018-08-24 19:38:49', '2018-08-24 19:38:49'),
(35, 121, 91, 54, '2018-08-24 19:39:31', '2018-08-24 19:39:31'),
(36, 121, 108, 187, '2018-08-24 19:42:34', '2018-08-24 19:42:34'),
(37, 122, 107, 124, '2018-08-24 19:43:20', '2018-08-24 19:43:20'),
(38, 122, 107, 125, '2018-08-24 19:44:03', '2018-08-24 19:44:03'),
(39, 122, 108, 128, '2018-08-24 19:45:09', '2018-08-24 19:45:09'),
(40, 122, 107, 129, '2018-08-24 19:45:59', '2018-08-24 19:45:59'),
(41, 122, 107, 123, '2018-08-24 19:46:38', '2018-08-24 19:46:38'),
(42, 122, 108, 133, '2018-08-24 19:48:20', '2018-08-24 19:48:20'),
(43, 122, 112, 144, '2018-08-24 19:49:50', '2018-08-24 19:49:50'),
(44, 122, 112, 142, '2018-08-24 19:50:34', '2018-08-24 19:50:34'),
(45, 122, 114, 143, '2018-08-24 19:51:10', '2018-08-24 19:51:10'),
(46, 122, 91, 60, '2018-08-24 19:53:06', '2018-08-24 19:53:06'),
(47, 122, 91, 109, '2018-08-24 19:53:33', '2018-08-24 19:53:33'),
(48, 122, 108, 113, '2018-08-24 19:56:32', '2018-08-24 19:56:32'),
(49, 122, 112, 51, '2018-08-24 19:57:06', '2018-08-24 19:57:06'),
(50, 122, 112, 180, '2018-08-24 19:58:14', '2018-08-24 19:58:14'),
(51, 122, 112, 181, '2018-08-24 19:59:19', '2018-08-24 19:59:19'),
(52, 122, 108, 84, '2018-08-24 20:00:14', '2018-08-24 20:00:14'),
(53, 122, 91, 184, '2018-08-24 20:10:52', '2018-08-24 20:10:52'),
(54, 122, 108, 187, '2018-08-24 20:11:27', '2018-08-24 20:11:27'),
(55, 123, 117, 137, '2018-08-24 20:14:38', '2018-08-24 20:14:38'),
(56, 123, 92, 144, '2018-08-24 20:17:07', '2018-08-24 20:17:07'),
(57, 123, 92, 140, '2018-08-24 20:17:39', '2018-08-24 20:17:39'),
(58, 123, 116, 161, '2018-08-24 20:19:10', '2018-08-24 20:19:10'),
(59, 123, 116, 18, '2018-08-24 20:55:43', '2018-08-24 20:55:43'),
(60, 123, 116, 72, '2018-08-24 21:09:42', '2018-08-24 21:09:42'),
(61, 123, 116, 30, '2018-08-24 21:10:28', '2018-08-24 21:10:28'),
(62, 123, 116, 32, '2018-08-24 21:11:09', '2018-08-24 21:11:09'),
(63, 124, 117, 137, '2018-08-24 21:12:26', '2018-08-24 21:12:26'),
(64, 124, 92, 144, '2018-08-24 21:15:30', '2018-08-24 21:15:30'),
(65, 124, 92, 140, '2018-08-24 21:16:32', '2018-08-24 21:16:32'),
(66, 124, 116, 161, '2018-08-24 21:17:51', '2018-08-24 21:17:51'),
(67, 124, 116, 18, '2018-08-24 21:21:05', '2018-08-24 21:21:05'),
(68, 124, 116, 72, '2018-08-24 21:22:04', '2018-08-24 21:22:04'),
(69, 124, 116, 30, '2018-08-24 21:23:54', '2018-08-24 21:23:54'),
(70, 124, 116, 32, '2018-08-24 21:26:10', '2018-08-24 21:26:10'),
(71, 125, 117, 137, '2018-08-24 21:29:38', '2018-08-24 21:29:38'),
(72, 125, 92, 144, '2018-08-24 21:32:30', '2018-08-24 21:32:30'),
(73, 125, 92, 140, '2018-08-24 21:33:40', '2018-08-24 21:33:40'),
(74, 125, 116, 161, '2018-08-24 21:35:08', '2018-08-24 21:35:08'),
(75, 125, 116, 18, '2018-08-24 21:35:38', '2018-08-24 21:35:38'),
(76, 125, 116, 72, '2018-08-24 21:36:08', '2018-08-24 21:36:08'),
(77, 125, 116, 30, '2018-08-24 21:36:41', '2018-08-24 21:36:41'),
(78, 125, 116, 32, '2018-08-24 21:37:21', '2018-08-24 21:37:21'),
(79, 126, 116, 137, '2018-08-24 21:40:39', '2018-08-24 21:40:39'),
(80, 126, 92, 144, '2018-08-24 21:42:06', '2018-08-24 21:42:06'),
(81, 126, 92, 140, '2018-08-24 21:42:51', '2018-08-24 21:42:51'),
(82, 126, 116, 137, '2018-08-24 21:43:49', '2018-08-24 21:43:49'),
(83, 126, 116, 18, '2018-08-24 21:44:52', '2018-08-24 21:44:52'),
(84, 126, 116, 72, '2018-08-24 21:56:22', '2018-08-24 21:56:22'),
(85, 1, 5, 41, '2018-08-27 14:05:21', '2018-08-27 14:05:21'),
(86, 1, 6, 42, '2018-08-27 14:07:02', '2018-08-27 14:07:02'),
(87, 1, 9, 43, '2018-08-27 14:07:52', '2018-08-27 14:07:52'),
(88, 1, 1, 44, '2018-08-27 14:08:46', '2018-08-27 14:08:46'),
(89, 1, 8, 45, '2018-08-27 14:09:49', '2018-08-27 14:09:49'),
(90, 1, 9, 3, '2018-08-27 14:11:45', '2018-08-27 14:11:45'),
(91, 1, 5, 46, '2018-08-27 14:12:24', '2018-08-27 14:12:24'),
(92, 1, 9, 47, '2018-08-27 14:12:58', '2018-08-27 14:12:58'),
(93, 1, 11, 48, '2018-08-27 14:14:03', '2018-08-27 14:14:03'),
(94, 1, 1, 21, '2018-08-27 14:14:37', '2018-08-27 14:14:37'),
(95, 1, 145, 22, '2018-08-27 14:15:39', '2018-08-27 14:15:39'),
(96, 1, 14, 22, '2018-08-27 14:16:14', '2018-08-27 14:16:14'),
(97, 1, 15, 50, '2018-08-27 14:21:20', '2018-08-27 14:21:20'),
(98, 2, 13, 22, '2018-08-27 14:22:42', '2018-08-27 14:22:42'),
(99, 2, 15, 50, '2018-08-27 14:25:00', '2018-08-27 14:25:00'),
(100, 2, 16, 51, '2018-08-27 14:25:25', '2018-08-27 14:25:25'),
(101, 2, 17, 52, '2018-08-27 14:25:50', '2018-08-27 14:25:50'),
(102, 2, 2, 24, '2018-08-27 14:27:56', '2018-08-27 14:27:56'),
(103, 2, 18, 54, '2018-08-27 15:01:17', '2018-08-27 15:01:17'),
(104, 3, 145, 22, '2018-08-27 15:06:44', '2018-08-27 15:06:44'),
(105, 3, 20, 26, '2018-08-27 15:07:44', '2018-08-27 15:07:44'),
(106, 3, 21, 55, '2018-08-27 15:08:13', '2018-08-27 15:08:13'),
(107, 4, 22, 54, '2018-08-27 15:09:38', '2018-08-27 15:09:38'),
(108, 4, 23, 57, '2018-08-27 15:10:06', '2018-08-27 15:10:06'),
(109, 4, 24, 58, '2018-08-27 15:10:46', '2018-08-27 15:10:46'),
(110, 4, 25, 42, '2018-08-27 15:11:13', '2018-08-27 15:11:13'),
(111, 5, 26, 59, '2018-08-27 15:11:58', '2018-08-27 15:11:58'),
(112, 5, 158, 60, '2018-08-27 15:12:36', '2018-08-27 15:12:36'),
(113, 5, 158, 61, '2018-08-27 15:13:03', '2018-08-27 15:13:03'),
(114, 5, 158, 62, '2018-08-27 15:13:33', '2018-08-27 15:13:33'),
(115, 6, 2, 23, '2018-08-27 15:14:29', '2018-08-27 15:14:29'),
(116, 6, 2, 63, '2018-08-27 15:14:57', '2018-08-27 15:14:57'),
(117, 6, 27, 64, '2018-08-27 15:15:32', '2018-08-27 15:15:32'),
(118, 6, 28, 33, '2018-08-27 15:16:02', '2018-08-27 15:16:02'),
(119, 6, 29, 16, '2018-08-27 15:16:27', '2018-08-27 15:16:27'),
(120, 7, 15, 50, '2018-08-27 15:17:07', '2018-08-27 15:17:07'),
(121, 7, 30, 21, '2018-08-27 15:18:07', '2018-08-27 15:18:07'),
(122, 7, 30, 22, '2018-08-27 15:18:41', '2018-08-27 15:18:41'),
(123, 7, 31, 3, '2018-08-27 15:19:16', '2018-08-27 15:19:16'),
(124, 7, 163, 66, '2018-08-27 15:20:13', '2018-08-27 15:20:13'),
(125, 7, 32, 67, '2018-08-27 15:20:41', '2018-08-27 15:20:41'),
(126, 7, 33, 63, '2018-08-27 15:21:04', '2018-08-27 15:21:04'),
(127, 8, 166, 22, '2018-08-27 15:21:27', '2018-08-27 15:21:27'),
(128, 8, 167, 67, '2018-08-27 15:21:47', '2018-08-27 15:21:47'),
(129, 9, 168, 51, '2018-08-27 15:22:20', '2018-08-27 15:22:20'),
(130, 9, 169, 43, '2018-08-27 15:22:52', '2018-08-27 15:22:52'),
(131, 9, 24, 36, '2018-08-27 15:23:23', '2018-08-27 15:23:23'),
(132, 9, 38, 68, '2018-08-27 15:23:53', '2018-08-27 15:23:53'),
(133, 10, 40, 17, '2018-08-27 15:25:55', '2018-08-27 15:25:55'),
(134, 10, 28, 33, '2018-08-27 15:26:18', '2018-08-27 15:26:18'),
(135, 11, 42, 69, '2018-08-27 15:27:53', '2018-08-27 15:27:53'),
(136, 11, 42, 70, '2018-08-27 15:28:46', '2018-08-27 15:28:46'),
(137, 11, 43, 63, '2018-08-27 15:29:23', '2018-08-27 15:29:23'),
(138, 11, 43, 70, '2018-08-27 15:29:43', '2018-08-27 15:29:43'),
(139, 12, 164, 55, '2018-08-27 15:30:17', '2018-08-27 15:30:17'),
(140, 12, 32, 71, '2018-08-27 15:30:40', '2018-08-27 15:30:40'),
(141, 12, 164, 72, '2018-08-27 15:31:08', '2018-08-27 15:31:08'),
(142, 12, 32, 73, '2018-08-27 15:31:30', '2018-08-27 15:31:30'),
(143, 12, 32, 18, '2018-08-27 15:31:53', '2018-08-27 15:31:53'),
(144, 13, 44, 74, '2018-08-27 15:32:16', '2018-08-27 15:32:16'),
(145, 13, 44, 17, '2018-08-27 15:32:52', '2018-08-27 15:32:52'),
(146, 13, 177, 72, '2018-08-27 15:33:18', '2018-08-27 15:33:18'),
(147, 13, 58, 35, '2018-08-27 15:33:43', '2018-08-27 15:33:43'),
(148, 13, 59, 20, '2018-08-27 15:34:03', '2018-08-27 15:34:03'),
(149, 14, 48, 33, '2018-08-27 15:34:36', '2018-08-27 15:34:36'),
(150, 14, 59, 20, '2018-08-27 15:35:09', '2018-08-27 15:35:09'),
(151, 14, 49, 75, '2018-08-27 15:35:29', '2018-08-27 15:35:29'),
(152, 14, 50, 35, '2018-08-27 15:35:55', '2018-08-27 15:35:55'),
(153, 14, 182, 76, '2018-08-27 15:36:18', '2018-08-27 15:36:18'),
(154, 15, 51, 14, '2018-08-27 15:36:59', '2018-08-27 15:36:59'),
(155, 15, 52, 13, '2018-08-27 15:37:23', '2018-08-27 15:37:23'),
(156, 17, 40, 52, '2018-08-27 15:37:55', '2018-08-27 15:37:55'),
(157, 18, 54, 19, '2018-08-27 15:38:37', '2018-08-27 15:38:37'),
(158, 18, 40, 20, '2018-08-27 15:39:17', '2018-08-27 15:39:17'),
(159, 18, 27, 77, '2018-08-27 15:39:49', '2018-08-27 15:39:49'),
(160, 18, 159, 78, '2018-08-27 15:40:22', '2018-08-27 15:40:22'),
(161, 18, 55, 79, '2018-08-27 15:41:16', '2018-08-27 15:41:16'),
(162, 19, 54, 80, '2018-08-27 15:42:29', '2018-08-27 15:42:29'),
(163, 19, 54, 18, '2018-08-27 15:43:20', '2018-08-27 15:43:20'),
(164, 19, 54, 81, '2018-08-27 15:43:46', '2018-08-27 15:43:46'),
(165, 19, 54, 82, '2018-08-27 15:44:23', '2018-08-27 15:44:23'),
(166, 20, 57, 133, '2018-08-27 15:45:22', '2018-08-27 15:45:22'),
(167, 20, 58, 60, '2018-08-27 15:46:08', '2018-08-27 15:46:08'),
(168, 20, 47, 57, '2018-08-27 15:46:32', '2018-08-27 15:46:32'),
(169, 20, 62, 54, '2018-08-27 15:46:57', '2018-08-27 15:46:57'),
(170, 20, 47, 83, '2018-08-27 15:47:27', '2018-08-27 15:47:27'),
(171, 16, 29, 128, '2018-08-27 15:48:36', '2018-08-27 15:48:36'),
(172, 21, 14, 84, '2018-08-27 15:51:08', '2018-08-27 15:51:08'),
(173, 21, 14, 85, '2018-08-27 15:51:42', '2018-08-27 15:51:42'),
(174, 21, 14, 32, '2018-08-27 15:52:03', '2018-08-27 15:52:03'),
(175, 21, 14, 16, '2018-08-27 15:52:26', '2018-08-27 15:52:26'),
(176, 22, 144, 87, '2018-08-27 15:53:26', '2018-08-27 15:53:26'),
(177, 22, 13, 88, '2018-08-27 15:53:56', '2018-08-27 15:53:56'),
(178, 22, 13, 89, '2018-08-27 15:54:17', '2018-08-27 15:54:17'),
(179, 22, 13, 48, '2018-08-27 15:54:32', '2018-08-27 15:54:32'),
(180, 23, 2, 51, '2018-08-27 15:55:22', '2018-08-27 15:55:22'),
(181, 40, 66, 90, '2018-08-27 15:55:46', '2018-08-27 15:55:46'),
(182, 23, 2, 132, '2018-08-27 15:56:28', '2018-08-27 15:56:28'),
(183, 24, 15, 50, '2018-08-27 15:57:07', '2018-08-27 15:57:07'),
(184, 24, 17, 52, '2018-08-27 15:57:31', '2018-08-27 15:57:31'),
(185, 25, 28, 92, '2018-08-27 15:57:50', '2018-08-27 15:57:50'),
(186, 25, 68, 93, '2018-08-27 15:58:06', '2018-08-27 15:58:06'),
(187, 25, 68, 94, '2018-08-27 15:58:27', '2018-08-27 15:58:27'),
(188, 25, 68, 26, '2018-08-27 15:58:44', '2018-08-27 15:58:44'),
(189, 25, 69, 96, '2018-08-27 15:59:08', '2018-08-27 15:59:08'),
(190, 26, 38, 68, '2018-08-27 15:59:32', '2018-08-27 15:59:32'),
(191, 26, 71, 97, '2018-08-27 16:00:32', '2018-08-27 16:00:32'),
(192, 26, 46, 98, '2018-08-27 16:01:17', '2018-08-27 16:01:17'),
(193, 27, 73, 36, '2018-08-27 16:01:47', '2018-08-27 16:01:47'),
(194, 27, 38, 68, '2018-08-27 16:02:08', '2018-08-27 16:02:08'),
(195, 27, 76, 22, '2018-08-27 16:02:44', '2018-08-27 16:02:44'),
(196, 27, 77, 43, '2018-08-27 16:03:09', '2018-08-27 16:03:09'),
(197, 28, 78, 48, '2018-08-27 16:04:00', '2018-08-27 16:04:00'),
(198, 28, 211, 48, '2018-08-27 16:04:28', '2018-08-27 16:04:28'),
(199, 28, 8, 173, '2018-08-27 16:05:41', '2018-08-27 16:05:41'),
(200, 28, 81, 99, '2018-08-27 16:07:50', '2018-08-27 16:07:50'),
(201, 29, 82, 127, '2018-08-27 16:08:23', '2018-08-27 16:08:23'),
(202, 29, 83, 161, '2018-08-27 16:08:57', '2018-08-27 16:08:57'),
(203, 29, 84, 100, '2018-08-27 16:09:24', '2018-08-27 16:09:24'),
(204, 29, 85, 101, '2018-08-27 16:09:58', '2018-08-27 16:09:58'),
(205, 29, 82, 102, '2018-08-27 16:10:25', '2018-08-27 16:10:25'),
(206, 30, 17, 52, '2018-08-27 16:10:52', '2018-08-27 16:10:52'),
(207, 30, 87, 125, '2018-08-27 16:14:08', '2018-08-27 16:14:08'),
(208, 30, 87, 103, '2018-08-27 16:14:29', '2018-08-27 16:14:29'),
(209, 30, 88, 104, '2018-08-27 16:38:26', '2018-08-27 16:38:26'),
(210, 30, 87, 105, '2018-08-27 16:38:44', '2018-08-27 16:38:44'),
(211, 30, 87, 55, '2018-08-27 16:39:01', '2018-08-27 16:39:01'),
(212, 31, 17, 52, '2018-08-27 16:40:19', '2018-08-27 16:40:19'),
(213, 31, 159, 106, '2018-08-27 16:40:41', '2018-08-27 16:40:41'),
(214, 31, 89, 107, '2018-08-27 16:41:17', '2018-08-27 16:41:17'),
(215, 31, 90, 108, '2018-08-27 16:42:12', '2018-08-27 16:42:12'),
(216, 32, 91, 121, '2018-08-27 16:42:36', '2018-08-27 16:42:36'),
(217, 32, 57, 133, '2018-08-27 16:43:07', '2018-08-27 16:43:07'),
(218, 32, 87, 109, '2018-08-27 16:46:28', '2018-08-27 16:46:28'),
(219, 32, 94, 51, '2018-08-27 16:46:53', '2018-08-27 16:46:53'),
(220, 33, 11, 48, '2018-08-27 16:47:15', '2018-08-27 16:47:15'),
(221, 33, 95, 2, '2018-08-27 16:47:50', '2018-08-27 16:47:50'),
(222, 33, 96, 7, '2018-08-27 16:48:08', '2018-08-27 16:48:08'),
(223, 33, 48, 13, '2018-08-27 16:48:31', '2018-08-27 16:48:31'),
(224, 33, 48, 110, '2018-08-27 16:48:55', '2018-08-27 16:48:55'),
(225, 35, 119, 123, '2018-08-27 16:50:08', '2018-08-27 16:50:08'),
(226, 35, 100, 112, '2018-08-27 16:50:28', '2018-08-27 16:50:28'),
(227, 35, 101, 113, '2018-08-27 16:50:42', '2018-08-27 16:50:42'),
(228, 35, 101, 114, '2018-08-27 16:51:20', '2018-08-27 16:51:20'),
(229, 35, 101, 31, '2018-08-27 16:51:37', '2018-08-27 16:51:37'),
(230, 36, 73, 193, '2018-08-27 16:52:02', '2018-08-27 16:52:02'),
(231, 36, 73, 27, '2018-08-27 16:52:25', '2018-08-27 16:52:25'),
(232, 36, 102, 115, '2018-08-27 16:52:49', '2018-08-27 16:52:49'),
(233, 36, 73, 43, '2018-08-27 16:53:05', '2018-08-27 16:53:05'),
(234, 37, 103, 117, '2018-08-27 16:53:35', '2018-08-27 16:53:35'),
(235, 37, 104, 109, '2018-08-27 16:53:56', '2018-08-27 16:53:56'),
(236, 37, 104, 52, '2018-08-27 16:54:24', '2018-08-27 16:54:24'),
(237, 37, 104, 118, '2018-08-27 16:54:50', '2018-08-27 16:54:50'),
(238, 37, 104, 110, '2018-08-27 16:55:12', '2018-08-27 16:55:12'),
(239, 38, 48, 116, '2018-08-27 16:55:32', '2018-08-27 16:55:32'),
(240, 38, 2, 119, '2018-08-27 16:55:53', '2018-08-27 16:55:53'),
(241, 38, 48, 39, '2018-08-27 16:56:11', '2018-08-27 16:56:11'),
(242, 38, 48, 35, '2018-08-27 16:56:33', '2018-08-27 16:56:33'),
(243, 38, 105, 62, '2018-08-27 16:57:20', '2018-08-27 16:57:20'),
(244, 39, 106, 20, '2018-08-27 16:57:54', '2018-08-27 16:57:54'),
(245, 39, 106, 72, '2018-08-27 16:58:12', '2018-08-27 16:58:12'),
(246, 39, 106, 74, '2018-08-27 16:59:22', '2018-08-27 16:59:22'),
(247, 127, 249, 137, '2018-08-27 17:08:03', '2018-08-27 17:08:03'),
(248, 127, 92, 144, '2018-08-27 17:08:50', '2018-08-27 17:08:50'),
(249, 127, 92, 140, '2018-08-27 17:09:09', '2018-08-27 17:09:09'),
(250, 127, 116, 161, '2018-08-27 17:10:47', '2018-08-27 17:10:47'),
(251, 127, 116, 18, '2018-08-27 17:11:19', '2018-08-27 17:11:19'),
(252, 127, 116, 72, '2018-08-27 17:11:42', '2018-08-27 17:11:42'),
(253, 127, 116, 30, '2018-08-27 17:12:04', '2018-08-27 17:12:04'),
(254, 127, 116, 32, '2018-08-27 17:12:27', '2018-08-27 17:12:27'),
(255, 128, 117, 137, '2018-08-27 17:13:47', '2018-08-27 17:13:47'),
(256, 128, 118, 144, '2018-08-27 17:14:31', '2018-08-27 17:14:31'),
(257, 128, 92, 140, '2018-08-27 17:14:51', '2018-08-27 17:14:51'),
(258, 128, 116, 161, '2018-08-27 17:15:21', '2018-08-27 17:15:21'),
(259, 128, 116, 18, '2018-08-27 17:15:41', '2018-08-27 17:15:41'),
(260, 129, 117, 137, '2018-08-27 17:16:19', '2018-08-27 17:16:19'),
(261, 129, 92, 144, '2018-08-27 17:16:41', '2018-08-27 17:16:41'),
(262, 129, 92, 140, '2018-08-27 17:16:56', '2018-08-27 17:16:56'),
(263, 129, 116, 18, '2018-08-27 17:17:18', '2018-08-27 17:17:18'),
(264, 130, 117, 137, '2018-08-27 17:19:06', '2018-08-27 17:19:06'),
(265, 130, 92, 144, '2018-08-27 17:19:47', '2018-08-27 17:19:47'),
(266, 130, 92, 140, '2018-08-27 17:20:02', '2018-08-27 17:20:02'),
(267, 130, 116, 161, '2018-08-27 17:20:28', '2018-08-27 17:20:28'),
(268, 130, 116, 18, '2018-08-27 17:20:44', '2018-08-27 17:20:44'),
(269, 130, 116, 72, '2018-08-27 17:21:01', '2018-08-27 17:21:01'),
(270, 131, 117, 137, '2018-08-27 17:21:32', '2018-08-27 17:21:32'),
(271, 131, 92, 144, '2018-08-27 17:21:54', '2018-08-27 17:21:54'),
(272, 131, 92, 140, '2018-08-27 17:22:11', '2018-08-27 17:22:11'),
(273, 131, 116, 161, '2018-08-27 17:22:33', '2018-08-27 17:22:33'),
(274, 132, 117, 137, '2018-08-27 17:23:05', '2018-08-27 17:23:05'),
(275, 132, 92, 144, '2018-08-27 17:23:22', '2018-08-27 17:23:22'),
(276, 132, 92, 140, '2018-08-27 17:23:36', '2018-08-27 17:23:36'),
(277, 132, 116, 161, '2018-08-27 17:23:53', '2018-08-27 17:23:53'),
(278, 132, 116, 18, '2018-08-27 17:24:12', '2018-08-27 17:24:12'),
(279, 132, 116, 72, '2018-08-27 17:24:36', '2018-08-27 17:24:36'),
(280, 133, 57, 121, '2018-08-27 17:25:38', '2018-08-27 17:25:38'),
(281, 133, 57, 125, '2018-08-27 17:26:45', '2018-08-27 17:26:45'),
(282, 134, 57, 121, '2018-08-27 17:28:01', '2018-08-27 17:28:01'),
(283, 134, 57, 125, '2018-08-27 17:28:29', '2018-08-27 17:28:29'),
(284, 135, 57, 121, '2018-08-27 17:29:42', '2018-08-27 17:29:42'),
(285, 136, 57, 121, '2018-08-27 17:30:13', '2018-08-27 17:30:13'),
(286, 136, 57, 125, '2018-08-27 17:30:40', '2018-08-27 17:30:40'),
(287, 137, 57, 121, '2018-08-27 17:31:11', '2018-08-27 17:31:11'),
(288, 138, 57, 121, '2018-08-27 17:31:52', '2018-08-27 17:31:52'),
(289, 138, 57, 125, '2018-08-27 17:32:13', '2018-08-27 17:32:13'),
(290, 141, 92, 144, '2018-08-28 13:41:16', '2018-08-28 13:41:16'),
(291, 141, 92, 140, '2018-08-28 13:42:31', '2018-08-28 13:42:31'),
(292, 141, 116, 161, '2018-08-28 13:43:18', '2018-08-28 13:43:18'),
(293, 141, 116, 18, '2018-08-28 13:45:37', '2018-08-28 13:45:37'),
(294, 141, 116, 72, '2018-08-28 13:46:16', '2018-08-28 13:46:16'),
(295, 142, 116, 30, '2018-08-28 13:46:54', '2018-08-28 13:46:54'),
(296, 143, 114, 121, '2018-08-28 13:51:21', '2018-08-28 13:51:21'),
(297, 143, 114, 124, '2018-08-28 13:51:43', '2018-08-28 13:51:43'),
(298, 143, 114, 127, '2018-08-28 13:52:00', '2018-08-28 13:52:00'),
(299, 143, 114, 133, '2018-08-28 13:52:18', '2018-08-28 13:52:18'),
(300, 143, 114, 144, '2018-08-28 13:53:02', '2018-08-28 13:53:02'),
(301, 143, 114, 140, '2018-08-28 13:53:40', '2018-08-28 13:53:40'),
(302, 143, 114, 141, '2018-08-28 13:54:03', '2018-08-28 13:54:03'),
(303, 144, 130, 121, '2018-08-28 13:54:25', '2018-08-28 13:54:25'),
(304, 144, 130, 124, '2018-08-28 13:54:43', '2018-08-28 13:54:43'),
(305, 144, 130, 125, '2018-08-28 13:56:48', '2018-08-28 13:56:48'),
(306, 144, 130, 127, '2018-08-28 13:57:06', '2018-08-28 13:57:06'),
(307, 144, 130, 133, '2018-08-28 13:57:30', '2018-08-28 13:57:30'),
(308, 144, 130, 140, '2018-08-28 13:58:11', '2018-08-28 13:58:11'),
(309, 144, 130, 141, '2018-08-28 13:59:08', '2018-08-28 13:59:08'),
(310, 144, 130, 142, '2018-08-28 13:59:36', '2018-08-28 13:59:36'),
(311, 144, 130, 143, '2018-08-28 14:00:34', '2018-08-28 14:00:34'),
(312, 144, 130, 162, '2018-08-28 14:01:11', '2018-08-28 14:01:11'),
(316, 144, 130, 165, '2018-08-28 14:02:44', '2018-08-28 14:02:44'),
(317, 144, 130, 112, '2018-08-28 14:07:36', '2018-08-28 14:07:36'),
(318, 145, 131, 128, '2018-08-28 14:08:10', '2018-08-28 14:08:10'),
(319, 126, 100, 128, '2018-08-28 14:10:19', '2018-08-28 14:10:19'),
(320, 154, 83, 162, '2018-08-28 14:11:13', '2018-08-28 14:11:13'),
(321, 162, 124, 124, '2018-08-28 14:11:48', '2018-08-28 14:11:48'),
(322, 162, 124, 144, '2018-08-28 14:12:19', '2018-08-28 14:12:19'),
(323, 162, 124, 140, '2018-08-28 14:12:41', '2018-08-28 14:12:41'),
(324, 163, 124, 144, '2018-08-28 14:13:18', '2018-08-28 14:13:18'),
(325, 163, 124, 140, '2018-08-28 14:13:41', '2018-08-28 14:13:41'),
(326, 164, 124, 124, '2018-08-28 14:14:15', '2018-08-28 14:14:15'),
(327, 164, 124, 144, '2018-08-28 14:14:35', '2018-08-28 14:14:35'),
(328, 164, 124, 162, '2018-08-28 14:14:56', '2018-08-28 14:14:56'),
(329, 165, 100, 129, '2018-08-28 14:15:57', '2018-08-28 14:15:57'),
(330, 165, 100, 162, '2018-08-28 14:16:49', '2018-08-28 14:16:49'),
(331, 167, 132, 151, '2018-08-28 14:17:32', '2018-08-28 14:17:32'),
(332, 167, 124, 162, '2018-08-28 14:18:14', '2018-08-28 14:18:14'),
(333, 168, 100, 162, '2018-08-28 14:18:44', '2018-08-28 14:18:44'),
(340, 167, 132, 151, '2018-08-28 15:00:03', '2018-08-28 15:00:03'),
(341, 172, 8, 128, '2018-08-28 15:01:25', '2018-08-28 15:01:25');

-- --------------------------------------------------------

--
-- Estructura de tabla para la tabla `aerpuertos`
--

CREATE TABLE `aerpuertos` (
  `idaerpuerto` int(11) NOT NULL,
  `nombrepu` varchar(100) DEFAULT NULL,
  `ciudad_idciudad` int(11) NOT NULL,
  `updated_at` varchar(45) DEFAULT NULL,
  `created_at` varchar(45) DEFAULT NULL
) ENGINE=InnoDB DEFAULT CHARSET=utf8;

--
-- Volcado de datos para la tabla `aerpuertos`
--

INSERT INTO `aerpuertos` (`idaerpuerto`, `nombrepu`, `ciudad_idciudad`, `updated_at`, `created_at`) VALUES
(1, 'Aeropuerto Internacional de Kabul', 20, NULL, NULL),
(2, 'Aeropuerto Internacional King Khalid', 96611, NULL, NULL),
(3, 'Aeropuerto Internacional Rey Abdulaziz ', 9662, NULL, NULL),
(4, 'Aeropuerto Internacional de Zvartnots', 231, NULL, NULL),
(5, 'Aeropuerto Internacional Heydar Aliyev', 12, NULL, NULL),
(6, 'Aeropuerto Internacional Hazrat Shahjalal', 8801, NULL, NULL),
(7, 'Aeropuerto Internacional Shah Amanat', 31, NULL, NULL),
(8, 'Aeropuerto Internacional Osmani', 821, NULL, NULL),
(9, 'Aeropuerto Internacional de Baréin', 9731, NULL, NULL),
(10, 'Aeropuerto Internacional de Rangún', 951, NULL, NULL),
(11, 'Aeropuerto Internacional de Paro', 8, NULL, NULL),
(12, 'Aeropuerto Internacional de Brunéi', 6732, NULL, NULL),
(13, 'Aeropuerto Internacional de Nom Pen', 23, NULL, NULL),
(14, 'Aeropuerto Internacional de Angkor', 63, NULL, NULL),
(15, 'Aeropuerto Internacional de Sihanoukville', 34, NULL, NULL),
(16, 'Aeropuerto Internacional Hamad', 9741, NULL, NULL),
(17, 'Aeropuerto Internacional de Pekin', 10, NULL, NULL),
(18, 'Aeropuerto Internacional de Shanghái Pudong', 21, NULL, NULL),
(19, 'Aeropuerto Internacional de Sunan', 8501, NULL, NULL),
(20, 'Aeropuerto Internacional de Incheon', 822, NULL, NULL),
(21, 'Aeropuerto Internacional de Abu Dhabi', 9712, NULL, NULL),
(22, 'Aeropuerto Internacional de Dubái', 9714, NULL, NULL),
(23, 'Aeropuerto Internacional Indira Gandhi', 9111, NULL, NULL),
(24, 'Aeropuerto Internacional Chhatrapati Shivaji', 22, NULL, NULL),
(25, 'Aeropuerto Internacional de Samarinda', 541, NULL, NULL),
(26, 'Aeropuerto Internacional Soekarno-Hatta', 621, NULL, NULL),
(27, 'Aeropuerto Internacional de Bagdad', 9641, NULL, NULL),
(28, 'Aeropuerto Internacional de Suleimaniya', 87, NULL, NULL),
(29, 'Aeropuerto Internacional Ben Gurión', 8972, NULL, NULL),
(30, 'Aeropuerto Internacional de Haneda', 813, NULL, NULL),
(31, 'Aeropuerto internacional de Kansai', 6, NULL, NULL),
(32, 'Aeropuerto Internacional de Narita', 811, NULL, NULL),
(33, 'Aeropuerto Internacional de Kuala Lumpur', 603, NULL, NULL),
(34, 'Aeropuerto Internacional de Mascate', 24, NULL, NULL),
(35, 'Aeropuerto Internacional de Singapur', 651, NULL, NULL),
(36, 'Aeropuerto Internacional de Damasco', 96311, NULL, NULL),
(37, 'Aeropuerto Internacional de Bangkok', 662, NULL, NULL),
(38, 'Aeropuerto Internacional Don Mueang', 661, NULL, NULL),
(39, 'Aeropuerto Internacional de Nói Bái', 844, NULL, NULL),
(40, 'Aeropuerto Internacional Indira Gandhi', 9111, NULL, NULL),
(41, 'Aeropuerto Internacional de Mashhad', 9851, NULL, NULL),
(42, 'Aeropuerto Internacional Imán Jomeini', 9821, NULL, NULL),
(43, 'Aeropuerto Internacional de Kuwait', 9651, NULL, NULL),
(44, ' Aeropuerto Internacional de Islamabad', 9251, NULL, NULL),
(45, 'Aeropuerto Internacional de Peshawar', 9291, NULL, NULL),
(46, 'Aeropuerto de Dusambé', 372, NULL, NULL),
(47, 'Aeropuerto Internacional Esenboğa', 312, NULL, NULL),
(48, 'Aeropuerto Internacional de Ataturk', 212, NULL, NULL),
(49, 'Aeropuerto Internacional de Dubái-Al Maktoum', 97184, NULL, NULL),
(50, 'Aeropuerto Internacional de Sharjah', 9716, NULL, NULL),
(51, 'Aeropuerto Adolfo Suárez Madrid Barajas', 3491, NULL, NULL),
(52, 'Aeropuerto de Paris-Charles de Gaulle', 331, NULL, NULL),
(53, 'Aeropuerto Internacional Chhatrapati Shivaji', 22, NULL, NULL),
(54, 'Aeropuerto de Roma-Fiumicino', 396, NULL, NULL),
(55, 'Aeropuerto de Londres Heathrow', 4420, NULL, NULL),
(56, 'Aeropuerto de Roma-Fiumicino', 396, NULL, NULL),
(57, 'Aeropuerto Internacional de Viena', 431, NULL, NULL),
(58, 'Aeropuerto Internacional de Alepo', 96321, NULL, NULL),
(59, 'Aeropuerto de Berlín-Tegel', 4930, NULL, NULL),
(60, 'Aeropuerto de Fráncfort', 4969, NULL, NULL),
(61, 'Aeropuerto Internacional de Minsk', 37517, NULL, NULL),
(62, 'Aeropuerto de Milán- Malpensa', 392, NULL, NULL),
(63, 'Aeropuerto Internacional Netaji Subash Chandra Bose', 9133, NULL, NULL),
(64, 'Aeropuerto Internacional de Kunming Changshui', 871, NULL, NULL),
(65, 'Aeropuerto Internacional Hamad', 9741, NULL, NULL),
(66, 'Aeropuerto Internacional de Ras Al Khaimah', 9717, NULL, NULL),
(67, 'Aeropuerto Internacional de Daca-Hazrat Shahjalal', 8802, NULL, NULL),
(68, 'Aeropuerto Internacional de El Cairo', 202, NULL, NULL),
(69, 'Aeropuerto de Bagdogra', 9119, NULL, NULL),
(70, 'Aeropuerto Internacional de Katmandú', 9771, NULL, NULL),
(71, 'Aeropuerto Internacional Ninoy Aquino', 9714, NULL, NULL),
(72, 'Aeropuerto Internacional de Hong Kong', 852, NULL, NULL),
(73, 'Aeropuerto Internacional de Kota Kinabalu', 608, NULL, NULL),
(74, 'Aeropuerto Internacional de Taiwán', 8862, NULL, NULL),
(75, 'Aeropuerto Internacional de Luang Prabang', 85671, NULL, NULL),
(76, 'Aeropuerto internacional de Da Nang', 511, NULL, NULL),
(77, 'Aeropuerto Internacional Ngurah Rai', 361, NULL, NULL),
(78, 'Aeropuerto de Komatsu ', 8118, NULL, NULL),
(79, 'Aeropuerto Internacional de Macao', 853, NULL, NULL),
(80, 'Aeropuerto Internacional de Changchun-Longja', 86871, NULL, NULL),
(81, 'Aeropuerto de Chonggin', 811, NULL, NULL),
(82, 'Aeropuerto de Samjiyon', 86119, NULL, NULL),
(83, 'Aeropuerto de Oslo-Gardermoen', 4718, NULL, NULL),
(84, 'Aeropuerto Internacional Eleftherios Venizelos', 3021, NULL, NULL),
(85, 'Aeropuerto Internacional de Adén', 9672, NULL, NULL),
(86, 'Aeropuerto Internacional de Beirut', 9611, NULL, NULL),
(87, 'Aeropuerto de Helsinki-Vantaa', 3589, NULL, NULL),
(88, 'Aeropuerto de Varsovia-Frédéric Chopin', 4822, NULL, NULL),
(89, 'Aeropuerto Internacional de Ginebra', 4122, NULL, NULL),
(90, 'Aeropuerto Internacional de Keflavik', 3545, NULL, NULL),
(91, 'Aeropuerto Internacional Bole', 2511, NULL, NULL),
(92, 'Aeropuerto de Tawau', 6089, NULL, NULL),
(93, 'Aeropuerto Internacional Juanda', 6231, NULL, NULL),
(94, 'Aeropuerto Masacar', 411, NULL, NULL),
(95, 'Aeropuerto Internacional Soekarno-Hatta', 6221, NULL, NULL),
(96, 'Aeropuerto Takaran', 551, NULL, NULL),
(97, 'Aeropuerto Internacional de Tiajin-Binhai', 8622, NULL, NULL),
(98, 'Aeropuerto de Perth', 618, NULL, NULL),
(99, 'Aeropuerto de Estocolmo-Arlanda', 468, NULL, NULL),
(100, 'Aeropuerto de Copenhague-Kastrup', 453, NULL, NULL),
(101, 'Aeropuerto Internacional de Tiflis', 453, NULL, NULL),
(102, 'Aeropuerto Internacional de Johannesburgo', 2711, NULL, NULL),
(103, 'Aeropuerto Internacional de Cantón-Baiyun', 8620, NULL, NULL),
(104, 'Aeropuerto Internacional Genghis Khan ', 9761, NULL, NULL),
(105, 'Aeropuerto Internacional de Múnich-Franz Josef strauss', 89, NULL, NULL),
(106, 'Aeropuerto Internacional de Nakin-Lukou', 86512, NULL, NULL),
(107, 'Aeropuerto Internacional de Máctán-Cebu', 32, NULL, NULL),
(108, 'Aeropuerto Internacional La Tontouta', 68723, NULL, NULL),
(109, 'Aeropuerto de Bruselas National', 322, NULL, NULL),
(110, 'Aeropuerto Internacional de Gimhae', 8251, NULL, NULL),
(111, 'Aeropuerto Internacional de Zurich', 4143, NULL, NULL),
(112, 'Aeropuerto Internacional Jorge Chavez', 51511, NULL, NULL),
(113, 'Aeropuerto de Barcelona El Prat', 3493, NULL, NULL),
(114, 'Aeropuerto Internacional de Cuidad de Cabo', 2721, NULL, NULL),
(115, 'Aeropuerto Internacional de Basora', 96440, NULL, NULL),
(116, 'Aeropuerto Internacional de Mandalay', 952, NULL, NULL),
(117, 'Aeropuerto de Colonia/Bonn', 221, NULL, NULL),
(118, 'Aeropuerto Internacional de Changsha', 86731, NULL, NULL),
(119, 'Aeropuerto Internacional de Chennai', 9144, NULL, NULL),
(120, 'Aep. Int de Ottawa', 613, NULL, NULL),
(121, 'Aep. Int Pierre Elliot Trudeau', 514, NULL, NULL),
(122, 'Aep. Int Jean-Lesage de Quebec', 418, NULL, NULL),
(123, 'Aep. Int de Washington-Dulles', 11202, NULL, NULL),
(124, 'Aep. Int Logan', 617, NULL, NULL),
(125, 'Aep. Int O`Hare', 11312, NULL, NULL),
(126, 'Aep. Dallas Love', 214, NULL, NULL),
(127, 'Aep. Int de Los Angeles', 310, NULL, NULL),
(128, 'Aep. Int de Miami', 305, NULL, NULL),
(129, 'Aep. Int John F. Kennedy', 212, NULL, NULL),
(130, 'Aep. Int de Orlando', 11407, NULL, NULL),
(131, 'Aep.Int de San Diego', 4071, NULL, NULL),
(132, 'Aep. Int de San Francisco', 415, NULL, NULL),
(133, 'Aep. Int de Ciudad de Mexico', 55, NULL, NULL),
(134, 'Aep. Int General Juan N. Alvarez', 744, NULL, NULL),
(135, 'Aep. Int de Monterrey', 81, NULL, NULL),
(136, 'Aep. Int de Puerto Vallarta', 52322, NULL, NULL),
(137, 'Aep. Int de Guadalajara', 5233, NULL, NULL),
(138, 'Aep. Int General Heriberto Jara', 229, NULL, NULL),
(139, 'Aep. Int Tobias Bolaños', 120, NULL, NULL),
(140, 'Aep. Int La Aurora', 5022, NULL, NULL),
(141, 'Aep. Int Toncontin', 5042, NULL, NULL),
(142, 'Aep. Int Augusto C. Sandino', 311, NULL, NULL),
(143, 'Aep. Int de Tocumen', 5072, NULL, NULL),
(144, 'Aep. Int de El Salvador', 5031, NULL, NULL),
(145, 'Aep. Int Jorge Newbery', 1154, NULL, NULL),
(146, 'Aep. Int Teniente Luis Candelaria', 2944, NULL, NULL),
(147, 'Aep. Int Ing Ambrosio Taravella', 351, NULL, NULL),
(148, 'Aep. Int Astor Piazolla', 233, NULL, NULL),
(149, 'Aep. Int Gobernador Francisco  Gabrielli', 261, NULL, NULL),
(150, 'Aep. Chapelco', 2972, NULL, NULL),
(151, 'Aep. Int El Alto', 59122, NULL, NULL),
(152, 'Aep. El Trompillo', 133, NULL, NULL),
(153, 'Aep. Int Presidente Juscelino Kubitschek', 61, NULL, NULL),
(154, 'Aep. Int de Salvador', 71, NULL, NULL),
(155, 'Aep. Santos dumont', 5522, NULL, NULL),
(156, 'Aep. Int Afonso Pena', 41, NULL, NULL),
(157, 'Aep. Int Hercilio luz', 48, NULL, NULL),
(158, 'Aep. Int de Foz do iguacu', 45, NULL, NULL),
(159, 'Aep. Int Zumbi dos Palmares', 5581, NULL, NULL),
(160, 'Aep. Int de Galeao', 5521, NULL, NULL),
(161, 'Aep. Int de Sao Paulo-Guarulhos', 11, NULL, NULL),
(162, 'Aep. Int El Dorado', 571, NULL, NULL),
(163, 'Aep. Int Rafael Nuñez', 5, NULL, NULL),
(164, 'Aep. Int Jose Maria Cordova', 4, NULL, NULL),
(165, 'Aep. Int Jose Joaquin de Olmedo', 4593, NULL, NULL),
(166, 'Aep. Int Silvio Pettirossi', 59521, NULL, NULL),
(167, 'Base area Las Palmas', 151, NULL, NULL),
(168, 'Aep. Int Alejandro Velasco Astete', 84, NULL, NULL),
(169, 'Aep. Int Coronel FAP Carlos Ciriani St Rosa', 52, NULL, NULL),
(170, 'Aep. Int Angel S. adami', 2, NULL, NULL),
(171, 'Aep. Int de Punta del Este', 42, NULL, NULL),
(172, 'Base Area Generalismo Francisco de Miranda', 58212, NULL, NULL),
(173, 'Aep. Berlin-Tegel', 30, NULL, NULL),
(174, 'Aep. Int de Düsseldort', 211, NULL, NULL),
(175, 'Aep. De Hamburgo', 40, NULL, NULL),
(176, 'Aep. De Munich', 89, NULL, NULL),
(177, 'Aep. De Viena-Schwechat', 1, NULL, NULL),
(178, 'Aep. De Salzburgo', 43662, NULL, NULL),
(179, 'Aep. De Sevilla', 95, NULL, NULL),
(180, 'Aep. De Paris-Charles de Gaulle', 133, NULL, NULL),
(181, 'Aep. De Burdeos Merignac', 556, NULL, NULL),
(182, 'Aep. De Lyon-Saint Exupery', 472, NULL, NULL),
(183, 'Aep. De Amsterdam-Schiphol', 2031, NULL, NULL),
(184, 'Aep. De Roma Fiumicino', 6, NULL, NULL),
(185, 'Aep. De Florencia', 5539, NULL, NULL),
(186, 'Aep. De Milan Malpensa', 392, NULL, NULL),
(187, 'Aep. Int marco Polo de Venecia', 4139, NULL, NULL),
(188, 'Aep. De Portela', 35121, NULL, NULL),
(189, 'Aep. Int de Belfast', 1232, NULL, NULL),
(190, 'Aep. De Liverpool-John Lennon', 15144, NULL, NULL),
(191, 'Aep. Int Manchester', 161, NULL, NULL),
(192, 'Aep. De Oxford', 1865, NULL, NULL),
(193, 'Aep. Int de Moscu-Sheremetievo', 957, NULL, NULL),
(194, 'Aep. Int Pulkovo', 812, NULL, NULL),
(195, 'Aep. De Estocolmo-Arlanda', 846, NULL, NULL),
(196, 'Aep. Int de Ginebra', 411, NULL, NULL),
(197, 'Aep. Int de Berna', 2241, NULL, NULL),
(198, 'Aep. Int de El Cairo', 2021, NULL, NULL),
(199, 'Aep. De Rabat-Sale', 2127, NULL, NULL),
(200, 'Aep. Int de Johannesburgo-Oliver Reginald Tambo', 2711, NULL, NULL);

-- --------------------------------------------------------

--
-- Estructura de tabla para la tabla `ciudad`
--

CREATE TABLE `ciudad` (
  `idciudad` int(11) NOT NULL,
  `nombrec` varchar(100) DEFAULT NULL,
  `pais_idpais` int(11) NOT NULL,
  `id` int(11) NOT NULL,
  `updated_at` varchar(45) DEFAULT NULL,
  `created_at` varchar(45) DEFAULT NULL
) ENGINE=InnoDB DEFAULT CHARSET=utf8;

--
-- Volcado de datos para la tabla `ciudad`
--

INSERT INTO `ciudad` (`idciudad`, `nombrec`, `pais_idpais`, `id`, `updated_at`, `created_at`) VALUES
(1, 'Bogota', 57, 165, NULL, NULL),
(2, 'Montevideo', 598, 173, NULL, NULL),
(4, 'Madelin', 57, 167, NULL, NULL),
(5, 'Cartagena', 57, 166, NULL, NULL),
(6, 'Osaka', 81, 27, NULL, NULL),
(8, 'Paro', 975, 10, NULL, NULL),
(10, 'Bejing', 86, 15, NULL, NULL),
(11, 'Sao Paulo', 55, 164, NULL, NULL),
(12, 'Baku', 994, 6, NULL, NULL),
(20, 'Kabul', 93, 1, NULL, NULL),
(21, 'Shanghai', 86, 16, NULL, NULL),
(22, 'Bombay', 91, 21, NULL, NULL),
(23, 'Nom Pen', 855, 12, NULL, NULL),
(24, 'Macaste', 968, 40, NULL, NULL),
(30, 'Kandahar', 93, 2, NULL, NULL),
(31, 'Chittagong', 880, 8, NULL, NULL),
(32, 'Tiflis', 995, 112, NULL, NULL),
(33, 'Santa Cruz', 591, 155, NULL, NULL),
(34, 'Sihanoukville', 855, 14, NULL, NULL),
(40, 'Hamburgo', 49, 177, NULL, NULL),
(41, 'Curitiba', 55, 159, NULL, NULL),
(42, 'Punta del Este', 598, 174, NULL, NULL),
(45, 'Foz de Iguacu', 55, 161, NULL, NULL),
(48, 'Florianopolis', 55, 160, NULL, NULL),
(52, 'Tacna', 51, 172, NULL, NULL),
(55, 'Ciudad de Mexico', 52, 136, NULL, NULL),
(61, 'Brasilia', 55, 156, NULL, NULL),
(63, 'Siem Riep', 855, 13, NULL, NULL),
(71, 'Bahia', 55, 157, NULL, NULL),
(81, 'Monterrey', 52, 138, NULL, NULL),
(84, 'Cusco', 51, 171, NULL, NULL),
(87, 'Kurdistan', 98, 24, NULL, NULL),
(89, 'Munich', 49, 69, NULL, NULL),
(95, 'Sevilla', 34, 179, NULL, NULL),
(120, 'San Jose', 506, 142, NULL, NULL),
(133, 'Santa Cruz', 591, 198, NULL, NULL),
(141, 'Ginebra', 41, 193, NULL, NULL),
(151, 'Lima', 51, 170, NULL, NULL),
(161, 'Manchester', 44, 188, NULL, NULL),
(202, 'Cairo', 20, 79, NULL, NULL),
(211, 'Düsseldort', 49, 176, NULL, NULL),
(212, 'Estambul', 90, 49, NULL, NULL),
(214, 'Dallas', 11, 129, NULL, NULL),
(221, 'Colonia', 49, 61, NULL, NULL),
(229, 'Veracruz', 52, 141, NULL, NULL),
(231, 'Echmiadzin', 374, 5, NULL, NULL),
(233, 'Mar del Plata', 54, 151, NULL, NULL),
(261, 'Mendoza', 54, 152, NULL, NULL),
(305, 'Miami', 11, 131, NULL, NULL),
(310, 'Los Angeles', 11, 130, NULL, NULL),
(311, 'Managua', 505, 145, NULL, NULL),
(312, 'Ankara', 90, 48, NULL, NULL),
(322, 'Brusela', 32, 119, NULL, NULL),
(331, 'Paris', 33, 62, NULL, NULL),
(351, 'Cordoba', 54, 150, NULL, NULL),
(361, 'Denpasar', 62, 94, NULL, NULL),
(372, 'Dusambé ', 992, 47, NULL, NULL),
(392, 'Milan', 39, 59, NULL, NULL),
(396, 'Roma', 39, 63, NULL, NULL),
(407, 'San Diego', 11, 134, NULL, NULL),
(411, 'Macasar', 62, 96, NULL, NULL),
(415, 'San Francisco', 11, 135, NULL, NULL),
(418, 'Quebec', 1, 125, NULL, NULL),
(431, 'Viena', 43, 65, NULL, NULL),
(453, 'Copenhague', 45, 111, NULL, NULL),
(468, 'Estocolmo', 46, 55, NULL, NULL),
(472, 'Lyon', 33, 181, NULL, NULL),
(511, 'Da Nang', 84, 92, NULL, NULL),
(514, 'Montreal', 1, 124, NULL, NULL),
(541, 'Samarinda', 62, 22, NULL, NULL),
(551, 'Tarakan', 62, 98, NULL, NULL),
(556, 'Burdeo', 33, 180, NULL, NULL),
(571, 'Bogota', 57, 199, NULL, NULL),
(603, 'Kuala LUmpur', 60, 28, NULL, NULL),
(608, 'Sabah', 60, 86, NULL, NULL),
(613, 'Ottawa', 1, 123, NULL, NULL),
(617, 'Boston', 11, 127, NULL, NULL),
(618, 'Perth', 61, 110, NULL, NULL),
(621, 'Serang', 62, 39, NULL, NULL),
(632, 'Manila', 63, 117, NULL, NULL),
(651, 'Singapur', 65, 33, NULL, NULL),
(661, 'Sanam ', 66, 41, NULL, NULL),
(662, 'Bangkok', 66, 30, NULL, NULL),
(744, 'Acapulco', 52, 137, NULL, NULL),
(811, 'Japon', 81, 34, NULL, NULL),
(812, 'San Petersburgo', 7, 191, NULL, NULL),
(813, 'Tokio', 81, 26, NULL, NULL),
(821, 'Sylhet', 880, 36, NULL, NULL),
(822, 'Seul', 82, 17, NULL, NULL),
(844, 'Hanoi', 84, 31, NULL, NULL),
(846, 'Estocolmo', 46, 192, NULL, NULL),
(852, 'Hong Kong', 86, 82, NULL, NULL),
(853, 'Macao', 86, 83, NULL, NULL),
(871, 'Kunming', 86, 74, NULL, NULL),
(951, 'Yangon', 95, 9, NULL, NULL),
(952, 'Birmania', 95, 121, NULL, NULL),
(957, 'Moscu', 7, 190, NULL, NULL),
(1154, 'Buenos Aires', 54, 148, NULL, NULL),
(1232, 'Belfast', 44, 186, NULL, NULL),
(1865, 'Oxford', 44, 189, NULL, NULL),
(2021, 'El Cairo', 20, 195, NULL, NULL),
(2031, 'Amsterdam', 31, 182, NULL, NULL),
(2127, 'Rabat', 212, 196, NULL, NULL),
(2241, 'Berna', 41, 194, NULL, NULL),
(2511, 'Addis Abeba', 251, 109, NULL, NULL),
(2711, 'Johannesburgo', 27, 113, NULL, NULL),
(2721, 'Cabo', 27, 114, NULL, NULL),
(2944, 'Bariloche', 54, 149, NULL, NULL),
(2972, 'San Martin de los Andes', 54, 153, NULL, NULL),
(3021, 'Atenas', 30, 102, NULL, NULL),
(3491, 'Madrid', 34, 50, NULL, NULL),
(3493, 'Barcelona', 34, 51, NULL, NULL),
(3545, 'Reikiavik', 354, 108, NULL, NULL),
(3589, 'Helsinki', 358, 105, NULL, NULL),
(4071, 'San Diego', 11, 197, NULL, NULL),
(4122, 'Ginebra', 41, 60, NULL, NULL),
(4139, 'Venecia', 39, 184, NULL, NULL),
(4143, 'Zurich', 41, 107, NULL, NULL),
(4420, 'Londres', 44, 64, NULL, NULL),
(4593, 'Guayaquil', 593, 168, NULL, NULL),
(4718, 'Osio', 47, 101, NULL, NULL),
(4822, 'Varsovia', 48, 106, NULL, NULL),
(4930, 'Berlin', 49, 67, NULL, NULL),
(4969, 'Fráncfort del Meno', 49, 68, NULL, NULL),
(5022, 'Ciudad de Guatemala', 502, 143, NULL, NULL),
(5031, 'San Salvador', 503, 147, NULL, NULL),
(5042, 'Tegucigalpa', 504, 144, NULL, NULL),
(5072, 'Ciudad de Panama', 507, 146, NULL, NULL),
(5233, 'Guadalajara', 52, 140, NULL, NULL),
(5521, 'Rio de Janeiro', 55, 163, NULL, NULL),
(5522, 'Bruzios', 55, 158, NULL, NULL),
(5539, 'Florencia', 39, 183, NULL, NULL),
(5581, 'Maceio', 55, 162, NULL, NULL),
(6089, 'Tawau', 60, 87, NULL, NULL),
(6221, 'Yakarta', 62, 97, NULL, NULL),
(6231, 'Surabaya', 62, 95, NULL, NULL),
(6332, 'Cebu', 63, 116, NULL, NULL),
(6732, 'Bandar Seri Begawan', 673, 11, NULL, NULL),
(8118, 'Komatsu', 81, 99, NULL, NULL),
(8192, 'Fukuoka', 81, 100, NULL, NULL),
(8232, 'Incheon', 82, 89, NULL, NULL),
(8251, 'Busan', 82, 90, NULL, NULL),
(8501, 'Sunan', 850, 37, NULL, NULL),
(8502, 'Pionyang', 850, 93, NULL, NULL),
(8620, 'Cantón', 86, 84, NULL, NULL),
(8622, 'Tiajin', 86, 76, NULL, NULL),
(8625, 'Nanjing', 86, 85, NULL, NULL),
(8801, 'Kurmitola', 880, 35, NULL, NULL),
(8802, 'Daca', 880, 78, NULL, NULL),
(8862, 'Taipei', 886, 88, NULL, NULL),
(8972, 'Lod', 972, 25, NULL, NULL),
(9111, 'Nueva Delhi', 91, 20, NULL, NULL),
(9119, 'Bagdogra', 91, 72, NULL, NULL),
(9133, 'Calcuta', 91, 71, NULL, NULL),
(9144, 'Chennai', 91, 73, NULL, NULL),
(9251, 'Islamabad', 92, 45, NULL, NULL),
(9291, 'Peshawar', 92, 46, NULL, NULL),
(9603, 'Male', 960, 122, NULL, NULL),
(9611, 'Beirut', 961, 104, NULL, NULL),
(9641, 'Bagdad', 964, 23, NULL, NULL),
(9651, 'Kuwuait', 965, 44, NULL, NULL),
(9662, 'Jeddah', 966, 4, NULL, NULL),
(9672, 'Aden', 967, 103, NULL, NULL),
(9712, 'Abu Dhabi', 971, 18, NULL, NULL),
(9714, 'Dubai', 971, 19, NULL, NULL),
(9716, 'Sharjah', 971, 53, NULL, NULL),
(9717, 'Ras al-Khaimah', 971, 77, NULL, NULL),
(9731, 'Bahrain', 973, 7, NULL, NULL),
(9741, 'Doha', 974, 32, NULL, NULL),
(9761, 'Ulán Bator', 976, 115, NULL, NULL),
(9771, 'Kathmandu', 977, 81, NULL, NULL),
(9821, 'Teheran', 98, 43, NULL, NULL),
(9851, 'Mashhad', 98, 42, NULL, NULL),
(11202, 'Washington D.C.', 11, 126, NULL, NULL),
(11212, 'New York', 11, 132, NULL, NULL),
(11312, 'Chicago', 11, 128, NULL, NULL),
(11407, 'Orlando', 11, 133, NULL, NULL),
(15144, 'Liverpool', 44, 187, NULL, NULL),
(35121, 'Lisboa', 351, 185, NULL, NULL),
(35724, 'Larnaca', 357, 80, NULL, NULL),
(37517, 'Minsk', 375, 70, NULL, NULL),
(43662, 'Salzburgo', 43, 178, NULL, NULL),
(51511, 'Lima', 51, 57, NULL, NULL),
(52322, 'Puerto Vallarta', 52, 139, NULL, NULL),
(58212, 'Caracas', 58, 175, NULL, NULL),
(59122, 'La Paz', 591, 154, NULL, NULL),
(59521, 'Asuncion', 595, 169, NULL, NULL),
(62541, 'Banten', 62, 38, NULL, NULL),
(68723, 'Nouméa', 687, 118, NULL, NULL),
(85671, 'Luang Prabang', 856, 91, NULL, NULL),
(86119, 'Samjiyon', 86, 54, NULL, NULL),
(86512, 'Changshu', 86, 56, NULL, NULL),
(86731, 'Changsha', 86, 58, NULL, NULL),
(86871, 'Harbi', 86, 75, NULL, NULL),
(96311, 'Damasco', 963, 29, NULL, NULL),
(96321, 'Alepo', 963, 66, NULL, NULL),
(96440, 'Basra', 964, 120, NULL, NULL),
(96611, 'Riad', 966, 3, NULL, NULL),
(97184, 'Jebel Ali', 971, 52, NULL, NULL);

-- --------------------------------------------------------

--
-- Estructura de tabla para la tabla `clases`
--

CREATE TABLE `clases` (
  `idclases` int(11) NOT NULL,
  `tipclase` varchar(100) DEFAULT NULL,
  `updated_at` varchar(45) DEFAULT NULL,
  `created_at` varchar(45) DEFAULT NULL
) ENGINE=InnoDB DEFAULT CHARSET=utf8;

--
-- Volcado de datos para la tabla `clases`
--

INSERT INTO `clases` (`idclases`, `tipclase`, `updated_at`, `created_at`) VALUES
(1, 'Economic Class', NULL, NULL),
(2, 'Executive Class', NULL, NULL),
(3, 'First Class Class', NULL, NULL);

-- --------------------------------------------------------

--
-- Estructura de tabla para la tabla `migrations`
--

CREATE TABLE `migrations` (
  `id` int(10) UNSIGNED NOT NULL,
  `migration` varchar(191) COLLATE utf8mb4_unicode_ci NOT NULL,
  `batch` int(11) NOT NULL
) ENGINE=InnoDB DEFAULT CHARSET=utf8mb4 COLLATE=utf8mb4_unicode_ci;

--
-- Volcado de datos para la tabla `migrations`
--

INSERT INTO `migrations` (`id`, `migration`, `batch`) VALUES
(1, '2014_10_12_000000_create_users_table', 1),
(2, '2014_10_12_100000_create_password_resets_table', 1);

-- --------------------------------------------------------

--
-- Estructura de tabla para la tabla `pais`
--

CREATE TABLE `pais` (
  `idpais` int(11) NOT NULL,
  `nombrep` varchar(45) DEFAULT NULL,
  `id` int(11) NOT NULL,
  `updated_at` varchar(45) DEFAULT NULL,
  `created_at` varchar(45) DEFAULT NULL
) ENGINE=InnoDB DEFAULT CHARSET=utf8;

--
-- Volcado de datos para la tabla `pais`
--

INSERT INTO `pais` (`idpais`, `nombrep`, `id`, `updated_at`, `created_at`) VALUES
(1, 'Canada', 64, NULL, NULL),
(7, 'Rusia', 83, NULL, NULL),
(11, 'Estados Unidos', 65, NULL, NULL),
(20, 'Egipto', 38, NULL, NULL),
(27, 'Sudafrica', 54, NULL, NULL),
(30, 'Grecia', 43, NULL, NULL),
(31, 'Holanda', 81, NULL, NULL),
(32, 'Belgica', 58, NULL, NULL),
(33, 'Francia', 32, NULL, NULL),
(34, 'España', 31, NULL, NULL),
(39, 'Italia', 33, NULL, NULL),
(41, 'Suiza', 48, NULL, NULL),
(43, 'Austria', 35, NULL, NULL),
(44, 'Reino Unido', 34, NULL, NULL),
(45, 'Dinamarca', 52, NULL, NULL),
(46, 'Suecia', 62, NULL, NULL),
(47, 'Noruega', 42, NULL, NULL),
(48, 'Polonia', 47, NULL, NULL),
(49, 'Alemania', 36, NULL, NULL),
(51, 'Peru', 59, NULL, NULL),
(52, 'Mexico', 66, NULL, NULL),
(54, 'Argentina', 73, NULL, NULL),
(55, 'Brasil', 75, NULL, NULL),
(57, 'Colombia', 76, NULL, NULL),
(58, 'Venezuela', 80, NULL, NULL),
(60, 'Malasia', 21, NULL, NULL),
(61, 'Australia', 51, NULL, NULL),
(62, 'Indonesia', 17, NULL, NULL),
(63, 'Filipinas', 56, NULL, NULL),
(65, 'Singapur', 23, NULL, NULL),
(66, 'Tailandia', 25, NULL, NULL),
(81, 'Japón', 20, NULL, NULL),
(82, 'Corea del Sur', 14, NULL, NULL),
(84, 'Vietnam', 26, NULL, NULL),
(86, 'China', 12, NULL, NULL),
(90, 'Turquia', 30, NULL, NULL),
(91, 'India', 16, NULL, NULL),
(92, 'Pakistan', 29, NULL, NULL),
(93, 'Afganistán', 1, NULL, NULL),
(95, 'Birmania', 7, NULL, NULL),
(98, 'Iran', 27, NULL, NULL),
(212, 'Marruecos', 84, NULL, NULL),
(251, 'Etiopía', 50, NULL, NULL),
(351, 'Portugal', 82, NULL, NULL),
(354, 'Islandia', 49, NULL, NULL),
(357, 'Chipre', 39, NULL, NULL),
(358, 'Finlandia ', 46, NULL, NULL),
(374, 'Armenia', 3, NULL, NULL),
(375, 'Bielorrusa', 37, NULL, NULL),
(502, 'Guatemala', 68, NULL, NULL),
(503, 'El Salvador', 72, NULL, NULL),
(504, 'Honduras', 69, NULL, NULL),
(505, 'Nicaragua', 70, NULL, NULL),
(506, 'Costa Rica', 67, NULL, NULL),
(507, 'Panama', 71, NULL, NULL),
(591, 'Bolivia', 74, NULL, NULL),
(593, 'Ecuador', 77, NULL, NULL),
(595, 'Paraguay', 78, NULL, NULL),
(598, 'Uruguay', 79, NULL, NULL),
(673, 'Brunéi', 9, NULL, NULL),
(687, 'Nueva Caledonia', 57, NULL, NULL),
(850, 'Corea del Norte', 13, NULL, NULL),
(855, 'Camboya', 10, NULL, NULL),
(856, 'Laos', 41, NULL, NULL),
(880, 'Blangladés', 5, NULL, NULL),
(886, 'Taiwan', 40, NULL, NULL),
(960, 'Maldivas', 60, NULL, NULL),
(961, 'Libano', 45, NULL, NULL),
(963, 'Siria', 24, NULL, NULL),
(964, 'Irak', 18, NULL, NULL),
(965, 'Kuwait', 28, NULL, NULL),
(966, 'Arabia Saudita', 2, NULL, NULL),
(967, 'Yemen', 44, NULL, NULL),
(968, 'Omán', 22, NULL, NULL),
(971, 'Emiratos Arabes Unidos', 15, NULL, NULL),
(972, 'Israel', 19, NULL, NULL),
(973, 'Baréin', 6, NULL, NULL),
(974, 'Catar', 11, NULL, NULL),
(975, 'Bután', 8, NULL, NULL),
(976, 'Mongolia', 55, NULL, NULL),
(977, 'Nepal', 63, NULL, NULL),
(992, 'Tayikistán', 61, NULL, NULL),
(994, 'Azerbaiyán', 4, NULL, NULL),
(995, 'Georgia', 53, NULL, NULL);

-- --------------------------------------------------------

--
-- Estructura de tabla para la tabla `pasajero`
--

CREATE TABLE `pasajero` (
  `idpasajero` int(11) NOT NULL,
  `nombre` varchar(45) DEFAULT NULL,
  `fecha` varchar(45) DEFAULT NULL,
  `numid` int(11) DEFAULT NULL,
  `genero` varchar(45) DEFAULT NULL,
  `updated_at` varchar(45) DEFAULT NULL,
  `created_at` varchar(45) DEFAULT NULL
) ENGINE=InnoDB DEFAULT CHARSET=utf8;

--
-- Volcado de datos para la tabla `pasajero`
--

INSERT INTO `pasajero` (`idpasajero`, `nombre`, `fecha`, `numid`, `genero`, `updated_at`, `created_at`) VALUES
(1, 'Juan MIkep', '2002-03-02', 343343, 'Masculino', '20180828 15:09:14', '20180828 15:09:14'),
(2, 'Griss Pineda', '2001-03-02', 21323323, 'Femenino', '20180828 15:13:17', '20180828 15:13:17'),
(3, 'Bryan Dominguez', '1996-09-18', 60817869, 'Masculino', '20180828 15:14:36', '20180828 15:14:36'),
(4, 'haydee gomez', '1986-11-13', 1987564324, 'Femenino', '20180828 15:17:07', '20180828 15:17:07'),
(5, 'javier siguenza', '1984-07-05', 897562468, 'Masculino', '20180828 15:24:00', '20180828 15:24:00'),
(6, 'jaqueline realegeño', '1991-10-09', 54789795, 'Femenino', '20180828 15:34:13', '20180828 15:34:13'),
(7, 'vanessa melgar', '1999-02-23', 56987452, 'Femenino', '20180828 15:38:46', '20180828 15:38:46'),
(8, 'abel hernandez', '1992-10-28', 15488003, 'Masculino', '20180828 15:42:51', '20180828 15:42:51'),
(9, 'Veronica Pineda', '1990-05-28', 12365478, 'Masculino', '20180828 15:48:53', '20180828 15:48:53'),
(10, 'Adriana Castillos', '1998-08-07', 25584885, 'Femenino', '20180828 15:50:57', '20180828 15:50:57'),
(11, 'Santos reymundo', '1994-01-10', 2457696, 'Masculino', '20180828 15:51:40', '20180828 15:51:40'),
(12, 'rosa martinez', '1997-10-11', 25698762, 'Femenino', '20180828 15:55:12', '20180828 15:55:12'),
(13, 'Carlos Navidad', '1999-08-03', 849547845, 'Masculino', '20180828 15:57:30', '20180828 15:57:30'),
(14, 'Katherine Alvarenga', '1995-11-10', 59876432, 'Femenino', '20180828 15:59:10', '20180828 15:59:10'),
(15, 'Antonio Ramirez', '1998-08-09', 488998457, 'Masculino', '20180828 16:01:17', '20180828 16:01:17'),
(16, 'Jonathan Crespin', '1985-11-09', 5987462, 'Masculino', '20180828 16:03:59', '20180828 16:03:59'),
(17, 'Jonathan Henriquez', '2000-05-24', 666002, 'Masculino', '20180828 16:07:40', '20180828 16:07:40'),
(18, 'rosa haydee siguenza', '1986-09-18', 35978254, 'Femenino', '20180828 17:11:26', '20180828 17:11:26');

-- --------------------------------------------------------

--
-- Estructura de tabla para la tabla `password_resets`
--

CREATE TABLE `password_resets` (
  `email` varchar(191) COLLATE utf8mb4_unicode_ci NOT NULL,
  `token` varchar(191) COLLATE utf8mb4_unicode_ci NOT NULL,
  `created_at` timestamp NULL DEFAULT NULL
) ENGINE=InnoDB DEFAULT CHARSET=utf8mb4 COLLATE=utf8mb4_unicode_ci;

-- --------------------------------------------------------

--
-- Estructura de tabla para la tabla `reserva`
--

CREATE TABLE `reserva` (
  `idreserva` int(11) NOT NULL,
  `hora` varchar(100) DEFAULT NULL,
  `fecha` varchar(45) DEFAULT NULL,
  `pago` int(11) DEFAULT NULL,
  `pasajeros` int(11) DEFAULT NULL,
  `clases_idclases` int(11) NOT NULL,
  `aerolipu_id_aerolipu` int(11) NOT NULL,
  `pasajero_idpasajero` int(11) NOT NULL,
  `updated_at` varchar(45) DEFAULT NULL,
  `created_at` varchar(45) DEFAULT NULL
) ENGINE=InnoDB DEFAULT CHARSET=utf8;

--
-- Volcado de datos para la tabla `reserva`
--

INSERT INTO `reserva` (`idreserva`, `hora`, `fecha`, `pago`, `pasajeros`, `clases_idclases`, `aerolipu_id_aerolipu`, `pasajero_idpasajero`, `updated_at`, `created_at`) VALUES
(1, '15:04', '08/24/2018', 472, 2, 1, 247, 1, '20180828 15:10:28', '20180828 15:10:28'),
(2, '15:10', '08/24/2018', 765, 3, 2, 95, 2, '20180828 15:13:19', '20180828 15:13:19'),
(3, '15:05', '05/28/2018', 472, 2, 1, 306, 3, '20180828 15:14:49', '20180828 15:14:49'),
(4, '15:14', '08/08/2018', 1181, 5, 1, 307, 4, '20180828 15:17:08', '20180828 15:17:08'),
(5, '15:17', '12/05/2018', 708, 3, 1, 149, 5, '20180828 15:24:03', '20180828 15:24:03'),
(6, '15:24', '10/16/2018', 1417, 6, 1, 83, 6, '20180828 15:34:15', '20180828 15:34:15'),
(8, '15:38', '10/30/2018', 552, 2, 3, 90, 8, '20180828 15:42:54', '20180828 15:42:54'),
(9, '15:46', '11/20/2018', 472, 2, 1, 250, 9, '20180828 15:48:54', '20180828 15:48:54'),
(10, '21:30', '08/12/2018', 708, 3, 1, 221, 10, '20180828 15:51:23', '20180828 15:51:23'),
(11, '15:48', '11/20/2018', 472, 2, 1, 175, 11, '20180828 15:51:43', '20180828 15:51:43'),
(12, '15:51', '10/07/2018', 828, 3, 3, 59, 12, '20180828 15:55:13', '20180828 15:55:13'),
(13, '16:45', '08/10/2018', 1276, 5, 2, 133, 13, '20180828 15:57:35', '20180828 15:57:35'),
(14, '15:55', '10/23/2018', 276, 1, 3, 3, 14, '20180828 15:59:12', '20180828 15:59:12'),
(15, '12:57', '08/12/2018', 472, 2, 1, 201, 15, '20180828 16:01:21', '20180828 16:01:21'),
(16, '15:59', '11/28/2018', 552, 2, 3, 155, 16, '20180828 16:04:00', '20180828 16:04:00'),
(17, '16:00', '08/31/2018', 255, 1, 2, 303, 17, '20180828 16:07:46', '20180828 16:07:46'),
(18, '17:10', '08/20/2018', 945, 4, 1, 58, 18, '20180828 17:11:28', '20180828 17:11:28');

-- --------------------------------------------------------

--
-- Estructura de tabla para la tabla `users`
--

CREATE TABLE `users` (
  `id` int(10) UNSIGNED NOT NULL,
  `name` varchar(191) COLLATE utf8mb4_unicode_ci NOT NULL,
  `email` varchar(191) COLLATE utf8mb4_unicode_ci NOT NULL,
  `password` varchar(191) COLLATE utf8mb4_unicode_ci NOT NULL,
  `remember_token` varchar(100) COLLATE utf8mb4_unicode_ci DEFAULT NULL,
  `roll` varchar(45) COLLATE utf8mb4_unicode_ci DEFAULT NULL,
  `created_at` timestamp NULL DEFAULT NULL,
  `updated_at` timestamp NULL DEFAULT NULL
) ENGINE=InnoDB DEFAULT CHARSET=utf8mb4 COLLATE=utf8mb4_unicode_ci;

--
-- Volcado de datos para la tabla `users`
--

INSERT INTO `users` (`id`, `name`, `email`, `password`, `remember_token`, `roll`, `created_at`, `updated_at`) VALUES
(1, 'Griss', 'gris@gmail.com', '$2y$10$uVv6Ux87wiWjpOnYeMAgDeu6bjheo0EIkhes3kPUWvL8waT9WvumS', NULL, 'Empleado', '2018-08-25 04:39:53', '2018-08-28 05:38:21'),
(2, 'Liss', 'lissette@gmail.com', '$2y$10$/11m1r7JMM28575fy2qPV.ASnoR8c/Eo/gCVY2ZEJ0FeQYb1IC/c2', 'fmg82BzIJoGNXhHfiIabss2uZrBDsqv6EXxoT98C3IyqmDLQh4FWm9f33WV5', 'Adminstracion', '2018-08-28 01:56:05', '2018-08-28 05:38:09'),
(3, 'Daniel', 'dannm@gmail.com', '$2y$10$/cg2t7w4vOixJJDzBvWc7eOECcTvEG1v9o0PW.1nrAgfDmEFZJB/2', 'La9Ck3fpI0LQ0HXUhg6gILRlF3LZaFB6ZxVaMyZ2CAItWMB4wHrZt4I6BO2a', 'Adminstracion', '2018-08-28 03:06:56', '2018-08-28 03:06:56'),
(4, 'Haydee', 'haydee503@gmail.com', '$2y$10$njg0hyOeeFvaUyJ9fEYhoO4qPNHAlMyY3axP5Hkh87ok8F3UQ8I0G', NULL, NULL, '2018-08-29 01:37:08', '2018-08-29 01:37:08'),
(5, 'Dan', 'dan@gmail.com', '$2y$10$JldK1zRyr3O6mfrbkvabtOz6ZX0sQZmtoHylzLvIxze7fqsbv/j.u', 'wosax4uiek7q0pzZ93mPLSbV9Gi3sdxYf7b5Mc0vd58EemE3QGyBNOCf9J7h', 'Empleado', '2018-08-29 03:15:09', '2018-08-29 03:15:39'),
(6, 'Dan', 'da@gmail.com', '$2y$10$N6ZGSsGh2r8i1pkEbSxR8erX.CXR38Or3KUL5HJ0U8WIq2EmXpUfK', NULL, NULL, '2018-12-29 09:58:56', '2018-12-29 09:58:56');

--
-- Índices para tablas volcadas
--

--
-- Indices de la tabla `aerolineas`
--
ALTER TABLE `aerolineas`
  ADD PRIMARY KEY (`idaerolinea`);

--
-- Indices de la tabla `aerolipu`
--
ALTER TABLE `aerolipu`
  ADD PRIMARY KEY (`id_aerolipu`,`aerpuerto_id`,`aerolinea_id`),
  ADD KEY `fk_aerpuertos_has_aerolineas_aerolineas1_idx` (`aerolinea_id`),
  ADD KEY `fk_aerpuertos_has_aerolineas_aerpuertos1_idx` (`aerpuerto_id`),
  ADD KEY `fk_aeroli_aerpu_aerpuertos1_idx` (`aerpuertos_idaerpuerto`);

--
-- Indices de la tabla `aerpuertos`
--
ALTER TABLE `aerpuertos`
  ADD PRIMARY KEY (`idaerpuerto`),
  ADD KEY `fk_aerpuerto_ciudad1_idx` (`ciudad_idciudad`);

--
-- Indices de la tabla `ciudad`
--
ALTER TABLE `ciudad`
  ADD PRIMARY KEY (`idciudad`),
  ADD UNIQUE KEY `ciudadid` (`id`),
  ADD KEY `fk_ciudad_pais1_idx` (`pais_idpais`);

--
-- Indices de la tabla `clases`
--
ALTER TABLE `clases`
  ADD PRIMARY KEY (`idclases`);

--
-- Indices de la tabla `migrations`
--
ALTER TABLE `migrations`
  ADD PRIMARY KEY (`id`);

--
-- Indices de la tabla `pais`
--
ALTER TABLE `pais`
  ADD PRIMARY KEY (`idpais`),
  ADD UNIQUE KEY `paisid` (`id`);

--
-- Indices de la tabla `pasajero`
--
ALTER TABLE `pasajero`
  ADD PRIMARY KEY (`idpasajero`);

--
-- Indices de la tabla `password_resets`
--
ALTER TABLE `password_resets`
  ADD KEY `password_resets_email_index` (`email`);

--
-- Indices de la tabla `reserva`
--
ALTER TABLE `reserva`
  ADD PRIMARY KEY (`idreserva`),
  ADD KEY `fk_reserva_clases1_idx` (`clases_idclases`),
  ADD KEY `fk_reserva_aerolipu1_idx` (`aerolipu_id_aerolipu`),
  ADD KEY `fk_reserva_pasajero1_idx` (`pasajero_idpasajero`);

--
-- Indices de la tabla `users`
--
ALTER TABLE `users`
  ADD PRIMARY KEY (`id`),
  ADD UNIQUE KEY `users_email_unique` (`email`);

--
-- AUTO_INCREMENT de las tablas volcadas
--

--
-- AUTO_INCREMENT de la tabla `aerolineas`
--
ALTER TABLE `aerolineas`
  MODIFY `idaerolinea` int(11) NOT NULL AUTO_INCREMENT, AUTO_INCREMENT=265;

--
-- AUTO_INCREMENT de la tabla `aerolipu`
--
ALTER TABLE `aerolipu`
  MODIFY `id_aerolipu` int(11) NOT NULL AUTO_INCREMENT, AUTO_INCREMENT=342;

--
-- AUTO_INCREMENT de la tabla `aerpuertos`
--
ALTER TABLE `aerpuertos`
  MODIFY `idaerpuerto` int(11) NOT NULL AUTO_INCREMENT, AUTO_INCREMENT=201;

--
-- AUTO_INCREMENT de la tabla `ciudad`
--
ALTER TABLE `ciudad`
  MODIFY `id` int(11) NOT NULL AUTO_INCREMENT, AUTO_INCREMENT=200;

--
-- AUTO_INCREMENT de la tabla `clases`
--
ALTER TABLE `clases`
  MODIFY `idclases` int(11) NOT NULL AUTO_INCREMENT, AUTO_INCREMENT=4;

--
-- AUTO_INCREMENT de la tabla `migrations`
--
ALTER TABLE `migrations`
  MODIFY `id` int(10) UNSIGNED NOT NULL AUTO_INCREMENT, AUTO_INCREMENT=3;

--
-- AUTO_INCREMENT de la tabla `pais`
--
ALTER TABLE `pais`
  MODIFY `id` int(11) NOT NULL AUTO_INCREMENT, AUTO_INCREMENT=85;

--
-- AUTO_INCREMENT de la tabla `pasajero`
--
ALTER TABLE `pasajero`
  MODIFY `idpasajero` int(11) NOT NULL AUTO_INCREMENT, AUTO_INCREMENT=19;

--
-- AUTO_INCREMENT de la tabla `reserva`
--
ALTER TABLE `reserva`
  MODIFY `idreserva` int(11) NOT NULL AUTO_INCREMENT, AUTO_INCREMENT=19;

--
-- AUTO_INCREMENT de la tabla `users`
--
ALTER TABLE `users`
  MODIFY `id` int(10) UNSIGNED NOT NULL AUTO_INCREMENT, AUTO_INCREMENT=7;

--
-- Restricciones para tablas volcadas
--

--
-- Filtros para la tabla `aerolipu`
--
ALTER TABLE `aerolipu`
  ADD CONSTRAINT `fk_aeroli_aerpu_aerpuertos1` FOREIGN KEY (`aerpuertos_idaerpuerto`) REFERENCES `aerpuertos` (`idaerpuerto`) ON DELETE NO ACTION ON UPDATE NO ACTION,
  ADD CONSTRAINT `fk_aerpuertos_has_aerolineas_aerolineas1` FOREIGN KEY (`aerolinea_id`) REFERENCES `aerolineas` (`idaerolinea`) ON DELETE NO ACTION ON UPDATE NO ACTION,
  ADD CONSTRAINT `fk_aerpuertos_has_aerolineas_aerpuertos1` FOREIGN KEY (`aerpuerto_id`) REFERENCES `aerpuertos` (`idaerpuerto`) ON DELETE NO ACTION ON UPDATE NO ACTION;

--
-- Filtros para la tabla `aerpuertos`
--
ALTER TABLE `aerpuertos`
  ADD CONSTRAINT `fk_aerpuerto_ciudad1` FOREIGN KEY (`ciudad_idciudad`) REFERENCES `ciudad` (`idciudad`) ON DELETE NO ACTION ON UPDATE NO ACTION;

--
-- Filtros para la tabla `ciudad`
--
ALTER TABLE `ciudad`
  ADD CONSTRAINT `fk_ciudad_pais1` FOREIGN KEY (`pais_idpais`) REFERENCES `pais` (`idpais`) ON DELETE NO ACTION ON UPDATE NO ACTION;

--
-- Filtros para la tabla `reserva`
--
ALTER TABLE `reserva`
  ADD CONSTRAINT `fk_reserva_aerolipu1` FOREIGN KEY (`aerolipu_id_aerolipu`) REFERENCES `aerolipu` (`id_aerolipu`) ON DELETE NO ACTION ON UPDATE NO ACTION,
  ADD CONSTRAINT `fk_reserva_clases1` FOREIGN KEY (`clases_idclases`) REFERENCES `clases` (`idclases`) ON DELETE NO ACTION ON UPDATE NO ACTION,
  ADD CONSTRAINT `fk_reserva_pasajero1` FOREIGN KEY (`pasajero_idpasajero`) REFERENCES `pasajero` (`idpasajero`) ON DELETE NO ACTION ON UPDATE NO ACTION;
COMMIT;

/*!40101 SET CHARACTER_SET_CLIENT=@OLD_CHARACTER_SET_CLIENT */;
/*!40101 SET CHARACTER_SET_RESULTS=@OLD_CHARACTER_SET_RESULTS */;
/*!40101 SET COLLATION_CONNECTION=@OLD_COLLATION_CONNECTION */;
